Location,Trainer,Pokemon,Level,Item,Move 1,Move 2,Move 3,Move 4
Cherrygrove City,Rival1 RIVAL1 (1) ?,Chikorita,8,Berry,Tackle,Growl,No Move,No Move
,,,,,,,,
,,,,,,,,
,,,,,,,,
,,,,,,,,
,,,,,,,,
,Rival1 RIVAL1 (2) ?,Cyndaquil,8,Berry,Tackle,Smokescreen,No Move,No Move
,,,,,,,,
,,,,,,,,
,,,,,,,,
,,,,,,,,
,,,,,,,,
,Rival1 RIVAL1 (3) ?,Totodile,8,Berry,Scratch,Leer,No Move,No Move
,,,,,,,,
,,,,,,,,
,,,,,,,,
,,,,,,,,
,,,,,,,,
Route 30,Youngster YOUNGSTER (1) JOEY,Rattata,12,Pink Bow,Quick Attack,Bite,No Move,No Move
,,,,,,,,
,,,,,,,,
,,,,,,,,
,,,,,,,,
,,,,,,,,
,Youngster YOUNGSTER (2) MIKEY,Pidgey,11,Berry,Quick Attack,Gust,No Move,No Move
,,Sentret,11,Berry,Rollout,No Move,No Move,No Move
,,,,,,,,
,,,,,,,,
,,,,,,,,
,,,,,,,,
,BugCatcher BUG_CATCHER (1) DON,Ledyba,11,Berry,Toxic,Mega Drain,Gust,Mach Punch
,,Spinarak,12,Berry,Acid,Leech Life,Mega Drain,No Move
,,,,,,,,
,,,,,,,,
,,,,,,,,
,,,,,,,,
Route 31,BugCatcher BUG_CATCHER (4) WADE,Paras,11,Berry,Body Slam,Mega Drain,Stun Spore,Leech Life
,,Venonat,11,Berry,Psybeam,Stun Spore,Mega Drain,No Move
,,Krabby,11,Berry,Bubblebeam,Vicegrip,Mud Slap,No Move
,,Slugma,11,Berry,Flame Wheel,Rock Throw,Toxic,Protect
,,,,,,,,
,,,,,,,,
Sprout Tower,Sage SAGE (7) EDMOND,Poliwag,12,Berry,Bubblebeam,Body Slam,Hypnosis,No Move
,,Cubone,10,Thick Club,Bone Club,Rock Throw,Headbutt,No Move
,,Bellsprout,12,Berry,Razor Leaf,Sleep Powder,Acid,No Move
,,,,,,,,
,,,,,,,,
,,,,,,,,
,Sage SAGE (2) NICO,Hoppip,12,Berry,Stun Spore,Sleep Powder,Mega Drain,Gust
,,Larvitar,12,Berry,Rock Throw,Bite,Headbutt,Dig
,,Psyduck,12,Berry,Bubblebeam,Psybeam,Hypnosis,Powder Snow
,,,,,,,,
,,,,,,,,
,,,,,,,,
,Sage SAGE (1) CHOW,Abra,12,Berry,Confusion,Thunderpunch,Ice Punch,Thunder Wave
,,Eevee,12,Berry,Curse,Headbutt,Quick Attack,Double Kick
,,Hoothoot,13,Berry,Psywave,Confusion,Hypnosis,Wing Attack
,,,,,,,,
,,,,,,,,
,,,,,,,,
,Sage SAGE (4) TROY,Swinub,13,Berry,Powder Snow,Dig,Attract,No Move
,,Aipom,12,No Item,Swift,Quick Attack,Mud Slap,No Move
,,,,,,,,
,,,,,,,,
,,,,,,,,
,,,,,,,,
,Sage SAGE (3) JIN,Seel,13,Berry,Bubblebeam,Icy Wind,Headbutt,Sing
,,Mareep,14,Berry,Spark,Headbutt,Quick Attack,Thunder Wave
,,,,,,,,
,,,,,,,,
,,,,,,,,
,,,,,,,,
,Sage SAGE (8) NEAL,Growlithe,14,Berry,Flame Wheel,Bite,Headbutt,Morning Sun
,,Tentacool,14,Berry,Bubblebeam,Acid,Aurora Beam,Barrier
,,,,,,,,
,,,,,,,,
,,,,,,,,
,,,,,,,,
,Sage SAGE (9) LI,Elekid,14,Berry,Spark,Ice Punch,Quick Attack,Low Kick
,,Sunflora,14,Miracleberry,Mega Drain,Sludge,Toxic,Protect
,,Sudowoodo,13,Berry,Rock Throw,Low Kick,No Move,No Move
,,,,,,,,
,,,,,,,,
,,,,,,,,
Ruins of Alph,Psychic PSYCHIC_T (1) NATHAN,Smoochum,15,Berry,Icy Wind,Lovely Kiss,Psybeam,No Move
,,Magby,16,Berry,Fire Punch,Mach Punch,Dizzy Punch,Thunderpunch
,,,,,,,,
,,,,,,,,
,,,,,,,,
,,,,,,,,
Violet City Gym,BirdKeeper BIRD_KEEPER (2) ABE,Spearow,15,Berry,Wing Attack,Swift,Quick Attack,Steel Wing
,,Doduo,14,Berry Juice,Peck,Swift,Double Kick,Steel Wing
,,Pidgey,15,Berry,Wing Attack,Quick Attack,Steel Wing,Swift
,,,,,,,,
,,,,,,,,
,,,,,,,,
,BirdKeeper BIRD_KEEPER (1) ROD,Natu,14,Berry Juice,Peck,Confusion,Confuse Ray,Mega Drain
,,Farfetch D,13,Stick,Peck,Scratch,Karate Chop,No Move
,,Zubat,15,Berry,Hypnosis,Wing Attack,Sludge,Giga Drain
,,,,,,,,
,,,,,,,,
,,,,,,,,
,Falkner FALKNER (1) FALKNER,Murkrow,14,Berry,Pursuit,Night Shade,Peck,No Move
,,Mantine,14,Mystic Water,Confuse Ray,Toxic,Water Gun,Powder Snow
,,Gligar,14,Berry,Rock Throw,Wing Attack,Steel Wing,No Move
,,Togetic,14,Berry Juice,Metronome,Softboiled,No Move,No Move
,,Pidgeotto,16,Berry,Razor Wind,Quick Attack,Steel Wing,Wing Attack
,,Noctowl,15,Berry,Hypnosis,Confusion,Night Shade,Quick Attack
Route 32 (gauntlet),Youngster YOUNGSTER (3) ALBERT,Ekans,19,Berry,Sludge,Glare,Mega Drain,Headbutt
,,Flaaffy,18,Berry,Spark,Fire Punch,Thunder Wave,Iron Tail
,,,,,,,,
,,,,,,,,
,,,,,,,,
,,,,,,,,
,Picnicker PICNICKER (1) LIZ,Sandshrew,18,Berry Juice,Magnitude,Slash,Rock Throw,Counter
,,Rattata,18,Berry Juice,Hyper Fang,Double Kick,Quick Attack,Crunch
,,,,,,,,
,,,,,,,,
,,,,,,,,
,,,,,,,,
,Fisher FISHER (5) HENRY,Wooper,19,Berry,Surf,Dig,Ice Punch,No Move
,,Poliwag,19,Berry,Bubblebeam,Hypnosis,Ice Punch,Body Slam
,,Qwilfish,18,Berry Juice,Bubblebeam,Sludge,Headbutt,Faint Attack
,,,,,,,,
,,,,,,,,
,,,,,,,,
,Fisher FISHER (2) RALPH,Tentacool,19,Berry,Sludge,Giga Drain,Surf,Aurora Beam
,,Slowpoke,19,Berry,Psybeam,Bubblebeam,Disable,Tri Attack
,,Horsea,19,Berry,Waterfall,Dragonbreath,Aurora Beam,Sludge
,,,,,,,,
,,,,,,,,
,,,,,,,,
,Youngster YOUNGSTER (4) GORDON,Snubbull,19,Berry,Return,Lovely Kiss,Shadow Ball,Karate Chop
,,Clefairy,20,Berry,Dizzy Punch,Thunderpunch,Attract,Fire Punch
,,Chansey,19,Lucky Punch,Dizzy Punch,Softboiled,Thunder Wave,Attract
,,,,,,,,
,,,,,,,,
,,,,,,,,
,BirdKeeper BIRD_KEEPER (13) PETER,Farfetch D,18,Stick,Wing Attack,Slash,Steel Wing,Karate Chop
,,Doduo,20,Berry,Wing Attack,Headbutt,Double Kick,Quick Attack
,,Delibird,20,Berry,Ice Punch,Wing Attack,Present,Quick Attack
,,,,,,,,
,,,,,,,,
,,,,,,,,
Union cave,Hiker HIKER (18) DANIEL,Machop,22,Berry,Submission,Rock Slide,Rock Throw,Seismic Toss
,,Geodude,22,Pink Bow,Rock Slide,Dig,Body Slam,No Move
,,,,,,,,
,,,,,,,,
,,,,,,,,
,,,,,,,,
,Firebreather FIREBREATHER (5) BILL,Koffing,20,Pink Bow,Sludge,Selfdestruct,Flamethrower,Psybeam
,,Vulpix,22,Berry,Flame Wheel,Confuse Ray,Bite,Psybeam
,,,,,,,,
,,,,,,,,
,,,,,,,,
,,,,,,,,
,Hiker HIKER (2) RUSSELL,Geodude,22,Focus Band,Rock Throw,No Move,Dig,Body Slam
,,Zubat,22,Berry,Sludge,Giga Drain,Wing Attack,Confuse Ray
,,,,,,,,
,,,,,,,,
,,,,,,,,
,,,,,,,,
,Firebreather FIREBREATHER (7) RAY,Magby,22,Berry,Fire Punch,Seismic Toss,Mach Punch,Dynamicpunch
,,Slugma,22,Berry,Flame Wheel,Rock Slide,Lovely Kiss,No Move
,,,,,,,,
,,,,,,,,
,,,,,,,,
,,,,,,,,
,Hiker HIKER (3) PHILLIP,Tyrogue,22,Berry Juice,Hi Jump Kick,Rock Slide,Earthquake,Mach Punch
,,Marill,22,Berry,Waterfall,Ice Beam,Double Edge,Seismic Toss
,,Rhyhorn,21,Berry,Rock Throw,Drill Peck,Dig,Body Slam
,,,,,,,,
,,,,,,,,
,,,,,,,,
,Pokemaniac POKEMANIAC (2) ANDREW,Elekid,21,Berry,Thunderpunch,Ice Punch,Fire Punch,Dizzy Punch
,,Slowpoke,22,Berry,Bubblebeam,Psybeam,Aurora Beam,Tri Attack
,,,,,,,,
,,,,,,,,
,,,,,,,,
,,,,,,,,
,Hiker HIKER (4) LEONARD,Onix,21,Pink Bow,Selfdestruct,Rock Slide,Dig,No Move
,,Clefairy,22,Miracleberry,Psybeam,Body Slam,Moonlight,Ice Punch
,,,,,,,,
,,,,,,,,
,,,,,,,,
,,,,,,,,
,Pokemaniac POKEMANIAC (3) CALVIN,Nidorino,21,Miracleberry,Sludge,Double Kick,Bubblebeam,Megahorn
,,Nidorina,21,Miracleberry,Sludge,Crunch,Bubblebeam,Body Slam
,,,,,,,,
,,,,,,,,
,,,,,,,,
,,,,,,,,
,Pokemaniac POKEMANIAC (1) LARRY,Lickitung,21,Berry,Headbutt,Thunderpunch,Rollout,Rock Slide
,,Furret,22,Miracleberry,Swift,Surf,Thunderpunch,Shadow Ball
,,Smeargle,22,Focus Band,Swift,Submission,Spore,Psychic M
,,,,,,,,
,,,,,,,,
,,,,,,,,
Route 33,Hiker HIKER (5) ANTHONY,Mankey,22,Berry,Karate Chop,Rock Slide,Thrash,Thunderpunch
,,Diglett,22,Blackbelt I,Dig,Rock Slide,Slash,Reversal
,,Gastly,20,Berry,Sludge,Psybeam,Ice Punch,Thunderpunch
,,,,,,,,
,,,,,,,,
,,,,,,,,
Slowpoke well,GruntM GRUNTM (29) GRUNT,Houndour,22,Berry,Flame Wheel,Bite,Headbutt,Quick Attack
,,Drowzee,23,Berry,Psybeam,Seismic Toss,Ice Punch,Thunderpunch
,,,,,,,,
,,,,,,,,
,,,,,,,,
,,,,,,,,
,GruntF GRUNTF (1) GRUNT,Gastly,22,Berry,Sludge,Thunderpunch,Ice Punch,Shadow Ball
,,Sneasel,20,Berry,Slash,Metal Claw,Surf,Quick Attack
,,,,,,,,
,,,,,,,,
,,,,,,,,
,,,,,,,,
should be stuff,GruntM GRUNTM (2) GRUNT,Magnemite,23,Berry,Spark,Thunder Wave,Sonicboom,Selfdestruct
,,Porygon,21,Berry,Psybeam,Recover,Tri Attack,Thunder Wave
*move twave to lvl 21*,,Dratini,23,No Item,Dragon Rage,Bubblebeam,No Move,No Move
,,,,,,,,
,,,,,,,,
,,,,,,,,
,GruntM GRUNTM (1) GRUNT,Kadabra,21,Berry Juice,Confusion,Thunderpunch,Ice Punch,Fire Punch
,,Koffing,22,Berry Juice,Toxic,Sludge,Flamethrower,Thunderbolt
,,Raticate,22,Berry Juice,Headbutt,Crunch,Quick Attack,Iron Tail
,,,,,,,,
,,,,,,,,
,,,,,,,,
Azalea town,Rival1 RIVAL1 (4) ?,Ditto,22,Berry,Transform,,,
,,Mr  Mime,21,Berry,Psybeam,Thunderpunch,Hypnosis,Seismic Toss
,,Bayleef,23,Berry Juice,Synthesis,Giga Drain,Body Slam,Sludge Bomb
,,,,,,,,
,,,,,,,,
,,,,,,,,
,Rival1 RIVAL1 (5) ?,Ditto,22,Berry,Transform,,,
,,Mr  Mime,21,Berry,Psybeam,Thunderpunch,Hypnosis,Fire Punch
,,Quilava,23,Berry Juice,Fire Punch,Thunderpunch,Double Edge,Iron Tail
,,,,,,,,
,,,,,,,,
,,,,,,,,
,Rival1 RIVAL1 (6) ?,Ditto,22,Berry,Transform,,,
,,Mr  Mime,21,Berry,Psybeam,Ice Punch,Hypnosis,Fire Punch
,,Croconaw,23,Berry Juice,Waterfall,Ice Punch,Crunch,Double Edge
,,,,,,,,
,,,,,,,,
,,,,,,,,
Azalea Gym,Twins TWINS (1) AMY & MAY,Omanyte,23,Berry,Surf,Rock Slide,Ice Beam,No Move
,,Parasect,23,Berry,Leech Life,Psybeam,Spore,Giga Drain
,,Arbok,22,Berry,Sludge,Giga Drain,Crunch,No Move
,,,,,,,,
,,,,,,,,
,,,,,,,,
,BugCatcher BUG_CATCHER (7) JOSH,Yanma,22,Berry Juice,Giga Drain,Leech Life,Sweet Kiss,Wing Attack
,,Heracross,22,Berry,Karate Chop,Rock Throw,Headbutt,Pin Missile
,,Golbat,22,Miracleberry,Sludge,Giga Drain,Shadow Ball,Confuse Ray
,,,,,,,,
,,,,,,,,
,,,,,,,,
,BugCatcher BUG_CATCHER (6) AL,Beedrill,22,Berry,Megahorn,Sludge,Giga Drain,No Move
,,Kabuto,22,Berry,Rock Slide,Hydro Pump,Submission,Aurora Beam
,,Delibird,23,Berry,Aurora Beam,Wing Attack,Bubblebeam,Quick Attack
,,,,,,,,
,,,,,,,,
,,,,,,,,
,BugCatcher BUG_CATCHER (5) BENNY,Pupitar,23,Berry,Rock Slide,Earthquake,Crunch,Return
,,Ledian,24,Berry,Wing Attack,Steel Wing,Giga Drain,Light Screen
,,Pineco,23,Pink Bow,Body Slam,Giga Drain,Rock Slide,Pin Missile
,,,,,,,,
,,,,,,,,
,,,,,,,,
,Bugsy BUGSY (1) BUGSY,Butterfree,24,Gold Berry,Sleep Powder,Psychic M,Psywave,Giga Drain
,,Dunsparce,24,Gold Berry,Glare,Headbutt,Bite,Rock Slide
,,Pinsir,23,Leftovers,Body Slam,Rock Slide,Vital Throw,Seismic Toss
,,Ariados,24,Gold Berry,Sludge,Night Shade,Giga Drain,Psychic M
,,Scyther,24,Miracleberry,Quick Attack,Slash,Steel Wing,Wing Attack
,,Shuckle,25,Leftovers,Toxic,Sandstorm,Protect,Wrap
Ilex forest,BugCatcher BUG_CATCHER (19) WAYNE,Beedrill,26,Berry,Giga Drain,Sludge Bomb,Twineedle,Return
,,Venonat,29,Berry,Sludge Bomb,Giga Drain,Sleep Powder,Dream Eater
,,Ledian,26,Berry,Leech Life,Submission,Psychic M,Giga Drain
,,,,,,,,
,,,,,,,,
,,,,,,,,
Route 34,CooltrainerF COOLTRAINERF (6) IRENE,Staryu,26,Berry,Waterfall,Thunderbolt,Aurora Beam,Psychic M
,,Weepinbell,26,Berry,Razor Leaf,Sludge Bomb,Body Slam,Sleep Powder
,,Azumarill,26,Berry,Bubblebeam,Body Slam,Ice Punch,Rollout
,,,,,,,,
,,,,,,,,
,,,,,,,,
immediate,CooltrainerF COOLTRAINERF (17) JENN,Ponyta,26,Berry,Flame Wheel,Iron Tail,Double Kick,Jump Kick
,,Skiploom,26,Miracleberry,Sleep Powder,Substitute,Leech Seed,Wing Attack
,,Pikachu,27,Berry Juice,Thunderbolt,Iron Tail,Surf,Submission
,,,,,,,,
,,,,,,,,
,,,,,,,,
immediate,CooltrainerF COOLTRAINERF (5) KATE,Nidorina,26,Berry Juice,Sludge Bomb,Surf,Crunch,Body Slam
gives soft sand (talk after battle),,Dratini,27,Berry,Dragonbreath,Thunderbolt,Waterfall,Thunder Wave
,,Corsola,26,Berry Juice,Waterfall,Ice Beam,Mirror Coat,Rock Slide
,,,,,,,,
,,,,,,,,
,,,,,,,,
,Youngster YOUNGSTER (6) IAN,Donphan,26,Berry,Rollout,Dig,Body Slam,Curse
,,Teddiursa,27,Berry Juice,Body Slam,Submission,Rock Slide,No Move
,,Fearow,26,Miracleberry,Swift,Wing Attack,Quick Attack,No Move
,,,,,,,,
,,,,,,,,
,,,,,,,,
,Youngster YOUNGSTER (5) SAMUEL,Ivysaur,26,Berry Juice,Giga Drain,Sludge,Sleep Powder,Double Edge
,,Charmeleon,26,Miracleberry,Fire Punch,Thunderpunch,Dragonbreath,Submission
,,Wartortle,26,Miracleberry,Waterfall,Ice Punch,Seismic Toss,Bite
,,Sandslash,26,Berry Juice,Magnitude,Rock Slide,Return,Submission
,,,,,,,,
,,,,,,,,
,Picnicker PICNICKER (2) GINA,Croconaw,26,Berry,Waterfall,Ice Punch,Body Slam,Crunch
,,Quilava,26,Berry Juice,Fire Punch,Thunderpunch,Iron Tail,Body Slam
,,Bayleef,26,Miracleberry,Synthesis,Giga Drain,Psychic M,Body Slam
,,,,,,,,
,,,,,,,,
,,,,,,,,
,Officer OFFICER (1) KEITH,Noctowl,27,Pink Bow,Wing Attack,Psychic M,Return,Steel Wing
,,Growlithe,27,Berry Juice,Flamethrower,Crunch,Double Edge,Extremespeed
,,Porygon,27,Berry Juice,Tri Attack,Ice Beam,Recover,Psybeam
,,,,,,,,
,,,,,,,,
,,,,,,,,
,Camper CAMPER (2) TODD,Raticate,27,Pink Bow,Return,Shadow Ball,Crunch,Quick Attack
,,Quagsire,26,Berry Juice,Bubblebeam,Dig,Body Slam,Rock Throw
,,,,,,,,
,,,,,,,,
,,,,,,,,
,,,,,,,,
,PokefanM POKEFANM (7) BRANDON,Pikachu,27,Light Ball,Thunderbolt,Quick Attack,Submission,No Move
,,Clefairy,27,Berry Juice,Ice Punch,Thunderpunch,Dizzy Punch,Attract
,,,,,,,,
,,,,,,,,
,,,,,,,,
,,,,,,,,
Goldenrod entrance,SuperNerd SUPER_NERD (10) TERU,Voltorb,24,Pink Bow,Selfdestruct,Thunderbolt,Thunder Wave,No Move
boom trainer,,Shellder,24,Pink Bow,Selfdestruct,Waterfall,Ice Beam,Protect
,,Grimer,24,Pink Bow,Selfdestruct,Sludge Bomb,Flamethrower,No Move
,,Exeggcute,24,Pink Bow,Selfdestruct,Giga Drain,Psychic M,Sleep Powder
,,,,,,,,
,,,,,,,,
,Pokemaniac POKEMANIAC (11) ISSAC,Smeargle,28,Berry,Extremespeed,Bubblebeam,Flame Wheel,No Move
,,,,,,,,
,,,,,,,,
,,,,,,,,
,,,,,,,,
,,,,,,,,
boom trainer,SuperNerd SUPER_NERD (2) ERIC,Sudowoodo,26,Berry Juice,Rock Slide,Earthquake,Selfdestruct,Ice Punch
,,Haunter,27,Berry Juice,Shadow Ball,Ice Punch,Psychic M,Selfdestruct
,,Geodude,27,Berry Juice,Selfdestruct,No Move,No Move,No Move
,,,,,,,,
,,,,,,,,
,,,,,,,,
,Pokemaniac POKEMANIAC (12) DONALD,Arbok,27,Poison Barb,Sludge,Giga Drain,Crunch,No Move
,,Azumarill,27,Berry Juice,Waterfall,Ice Beam,Double Edge,Sing
,,Sandslash,27,Berry Juice,Dig,Rock Slide,Metal Claw,Return
,,,,,,,,
,,,,,,,,
,,,,,,,,
Goldenrod Gym,Beauty BEAUTY (1) VICTORIA,Furret,27,Berry Juice,Body Slam,Submission,Thunderpunch,Fire Punch
,,Flaaffy,27,Berry Juice,Thunderpunch,Fire Punch,Iron Tail,No Move
,,Lickitung,28,Berry Juice,Headbutt,Rollout,Ice Punch,Attract
,,Gloom,28,Berry Juice,Sludge,Giga Drain,Sleep Powder,No Move
,,,,,,,,
,,,,,,,,
(immediate),Beauty BEAUTY (2) SAMANTHA,Seaking,28,Berry Juice,Surf,Ice Beam,Body Slam,No Move
,,Ninetales,27,Berry Juice,Flame Wheel,Bite,Psybeam,Morning Sun
,,Togetic,28,Leftovers,Seismic Toss,Fire Punch,Softboiled,Psychic M
,,Xatu,27,Miracleberry,Psybeam,Drill Peck,Confuse Ray,No Move
,,,,,,,,
,,,,,,,,
,Lass LASS (1) CARRIE,Meowth,27,Berserk Gene,Slash,Faint Attack,Shadow Ball,Quick Attack
,,Teddiursa,27,Berserk Gene,Slash,Submission,Rock Slide,Mud Slap
,,Sunflora,28,Miracleberry,Giga Drain,Sludge Bomb,Leech Seed,Synthesis
,,Corsola,28,Berry,Waterfall,Ice Beam,Mirror Coat,Ancientpower
,,,,,,,,
,,,,,,,,
(immediate),Lass LASS (2) BRIDGET,Wigglytuff,27,Berry Juice,Body Slam,Psychic M,Ice Beam,Softboiled
,,Azumarill,28,Berry Juice,Waterfall,Ice Beam,Body Slam,Submission
,,Raichu,27,Berry Juice,Thunderbolt,Surf,Body Slam,Sweet Kiss
,,Stantler,27,Berry Juice,Headbutt,Hypnosis,Bite,Double Kick
,,,,,,,,
,,,,,,,,
,Whitney WHITNEY (1) WHITNEY,Nidoqueen,29,Berry Juice,Earthquake,Thunderpunch,Ice Punch,Toxic
,,Chansey,30,Gold Berry,Attract,Thunder Wave,Psywave,Softboiled
,,Aipom,29,Miracleberry,Shadow Ball,Body Slam,Hidden Power (Flying),No Move
,,Girafarig,29,Miracleberry,Psybeam,Headbutt,Crunch,Earthquake
,,Clefable,30,Miracleberry,Moonlight,Thunderpunch,Ice Punch,Fire Punch
,,Miltank,31,Berry Juice,Attract,Body Slam,Earthquake,Milk Drink
Route 35,Camper CAMPER (4) ELLIOT,Poliwhirl,33,Berry Juice,Waterfall,Ice Beam,Submission,Lovely Kiss
,,Graveler,32,Pink Bow,Rock Slide,Earthquake,Body Slam,No Move
,,Hypno,31,Berry Juice,Psybeam,Seismic Toss,Shadow Ball,Fire Punch
,,,,,,,,
,,,,,,,,
,,,,,,,,
immediate,Picnicker PICNICKER (4) KIM,Butterfree,32,Twistedspoon,Psychic M,Giga Drain,Double Edge,Sleep Powder
,,Beedrill,32,Poison Barb,Sludge Bomb,Mega Punch,Giga Drain,Return
,,Dugtrio,31,Berry Juice,Dig,Rock Slide,Tri Attack,Sludge Bomb
,,,,,,,,
,,,,,,,,
,,,,,,,,
,Picnicker PICNICKER (3) BROOKE,Pidgeotto,33,Pink Bow,Wing Attack,Steel Wing,Razor Wind,Quick Attack
,,Aipom,32,Miracleberry,Headbutt,Quick Attack,Double Kick,No Move
,,Gloom,33,Berry Juice,Giga Drain,Sludge Bomb,Sleep Powder,Shadow Ball
,,,,,,,,
,,,,,,,,
,,,,,,,,
,Firebreather FIREBREATHER (6) WALT,Magcargo,32,Focus Band,Flamethrower,Rock Slide,Earthquake,Body Slam
,,Dunsparce,32,Berry Juice,Double Edge,Earthquake,Rock Slide,Glare
,,Tangela,32,Berry Juice,Giga Drain,Body Slam,Faint Attack,Synthesis
,,,,,,,,
,,,,,,,,
,,,,,,,,
,Camper CAMPER (3) IVAN,Croconaw,33,Nevermeltice,Waterfall,Ice Beam,Body Slam,No Move
,,Quilava,33,Berry Juice,Flamethrower,Thunderpunch,Double Edge,Iron Tail
,,Bayleef,33,Miracleberry,Giga Drain,Synthesis,Sludge Bomb,Psychic M
,,,,,,,,
,,,,,,,,
,,,,,,,,
(immediate),BirdKeeper BIRD_KEEPER (3) BRYAN,Fearow,33,Berry Juice,Wing Attack,Tri Attack,Steel Wing,Quick Attack
,,Murkrow,32,Berry Juice,Wing Attack,Faint Attack,Steel Wing,Swords Dance
,,Pidgeotto,33,Berry Juice,Razor Wind,Return,Steel Wing,Quick Attack
,,,,,,,,
,,,,,,,,
,,,,,,,,
,BugCatcher BUG_CATCHER (8) ARNIE,Weedle,80,Poison Barb,Poison Sting,Absorb,No Move,No Move
,,Caterpie,80,Berry Juice,Tackle,Absorb,No Move,No Move
,,,,,,,,
,,,,,,,,
,,,,,,,,
,,,,,,,,
(immediate),Officer OFFICER (2) DIRK,Granbull,33,Miracleberry,Headbutt,Earthquake,Submission,Lovely Kiss
,,Arcanine,33,Berry Juice,Flamethrower,Crunch,Body Slam,Quick Attack
,,Machoke,33,Miracleberry,Submission,Rock Slide,Rest,Body Slam
,,,,,,,,
,,,,,,,,
,,,,,,,,
,Juggler JUGGLER (1) IRWIN,Electrode,30,Hard Stone,Selfdestruct,Thunderbolt,Rollout,No Move
,,Ivysaur,32,Berry Juice,Giga Drain,Sludge Bomb,Sleep Powder,Body Slam
,,Magcargo,32,Miracleberry,Flamethrower,Rock Slide,Body Slam,Earthquake
,,,,,,,,
,,,,,,,,
,,,,,,,,
National park,PokefanF POKEFANF (1) BEVERLY,Bellossom,33,Miracleberry,Petal Dance,Sludge Bomb,Stun Spore,Double Edge
,,Marowak,31,Thick Club,Bone Club,Rock Slide,Body Slam,No Move
,,Azumarill,34,Nevermeltice,Hydro Pump,Ice Beam,Double Edge,Attract
,,,,,,,,
,,,,,,,,
,,,,,,,,
,Schoolboy SCHOOLBOY (1) JACK,Qwilfish,32,Berry Juice,Sludge Bomb,Waterfall,Selfdestruct,Faint Attack
,,Tangela,34,Leftovers,Mega Drain,Synthesis,Sleep Powder,Body Slam
,,Rapidash,33,Charcoal,Flamethrower,Take Down,Hi Jump Kick,Iron Tail
,,,,,,,,
,,,,,,,,
,,,,,,,,
,Lass LASS (4) KRISE,Fearow,34,Berry Juice,Wing Attack,Tri Attack,Steel Wing,Quick Attack
,,Sandslash,34,Soft Sand,Dig,Rock Slide,Slash,Reversal
,,Primeape,32,Berserk Gene,Submission,Rock Slide,Headbutt,Mach Punch
,,,,,,,,
,,,,,,,,
,,,,,,,,
,PokefanM POKEFANM (1) WILLIAM,Raichu,34,Berry Juice,Thunderbolt,Surf,Sweet Kiss,Quick Attack
,,Jumpluff,34,Leftovers,Giga Drain,Wing Attack,Sleep Powder,Psywave
,,Graveler,31,Pink Bow,Rock Slide,Earthquake,Body Slam,Selfdestruct
,,Kingler,33,Berry Juice,Crabhammer,Metal Claw,Body Slam,No Move
,,,,,,,,
,,,,,,,,
Route 36,Schoolboy SCHOOLBOY (3) ALAN,Arbok,34,Berry Juice,Sludge Bomb,Giga Drain,Crunch,No Move
,,Sudowoodo,34,Hard Stone,Rock Slide,Low Kick,Ice Punch,Double Edge
,,Hitmonchan,34,Berry Juice,Submission,Rock Slide,Thunderpunch,Mach Punch
,,,,,,,,
,,,,,,,,
,,,,,,,,
,Psychic PSYCHIC_T (7) MARK,Kadabra,34,Miracleberry,Psybeam,Ice Punch,Thunderpunch,Fire Punch
,,Girafarig,34,Berry Juice,Psychic M,Earthquake,Body Slam,Crunch
,,Mr  Mime,34,Berry Juice,Dream Eater,Fire Punch,Ice Punch,Lovely Kiss
,,,,,,,,
,,,,,,,,
,,,,,,,,
Route 37,Twins TWINS (2) ANN & ANNE,Smeargle,34,Berry Juice,Aeroblast,Extremespeed,Ancientpower,Thunderbolt
,,Smeargle,34,Berry Juice,Sacred Fire,Extremespeed,Metal Claw,Thunderbolt
,,,,,,,,
,,,,,,,,
,,,,,,,,
,,,,,,,,
,Psychic PSYCHIC_T (5) GREG,Jynx,34,Berry Juice,Ice Beam,Lovely Kiss,Psybeam,No Move
,,Venomoth,34,Berry Juice,Dream Eater,Sludge Bomb,Giga Drain,Sleep Powder
,,Hypno,34,Berry Juice,Shadow Ball,Submission,Thunder Wave,Psybeam
,,,,,,,,
,,,,,,,,
,,,,,,,,
Burned Tower,Rival1 RIVAL1 (7) ?,Arcanine,35,Miracleberry,Flamethrower,Morning Sun,Body Slam,No Move
**rivals have QC/FB Spam**,,Dragonair,38,Miracleberry,Dragon Rage,Waterfall,Thunder Wave,Body Slam
,,Scizor,33,Miracleberry,Metal Claw,Hidden Power (Bug),Reversal,No Move
,,Hitmonchan,35,Berry Juice,Mach Punch,Submission,Earthquake,Rock Slide
,,Octillery,34,Brightpowder,Octazooka,Ice Beam,Flamethrower,No Move
,,Meganium,35,Leftovers,Giga Drain,Body Slam,Synthesis,Earthquake
,Rival1 RIVAL1 (8) ?,Dragonair,38,Miracleberry,Dragon Rage,Waterfall,Thunder Wave,Body Slam
,,Octillery,34,Brightpowder,Octazooka,Ice Beam,Flamethrower,No Move
,,Scizor,33,Miracleberry,Metal Claw,Hidden Power (Bug),Reversal,No Move
,,Hitmonlee,35,Berry Juice,Earthquake,Rock Slide,Submission,Double Edge
,,Victreebel,34,Berry Juice,Petal Dance,Sludge Bomb,Lovely Kiss,No Move
,,Typhlosion,35,Berry Juice,Flamethrower,Thunderpunch,Earthquake,No Move
,Rival1 RIVAL1 (9) ?,Victreebel,34,Berry Juice,Petal Dance,Sludge Bomb,Lovely Kiss,No Move
,,Dugtrio,34,Miracleberry,Earthquake,Rock Slide,Tri Attack,No Move
,,Scizor,33,Miracleberry,Metal Claw,Hidden Power (Bug),Reversal,No Move
,,Hitmontop,35,Berry Juice,Mach Punch,Submission,Counter,Rock Slide
,,Dragonair,38,Miracleberry,Dragon Rage,Waterfall,Thunder Wave,Body Slam
,,Feraligatr,35,Berry Juice,Waterfall,Ice Beam,Double Edge,No Move
Ecruteak City,KimonoGirl KIMONO_GIRL (2) NAOKO,Jolteon,35,Miracleberry,Thunderbolt,Hidden Power (Ice),Bite,No Move
,,,,,,,,
,,,,,,,,
,,,,,,,,
,,,,,,,,
,,,,,,,,
,KimonoGirl KIMONO_GIRL (3) SAYO,Umbreon,35,Miracleberry,Faint Attack,Moonlight,Psychic M,Toxic
,,,,,,,,
,,,,,,,,
,,,,,,,,
,,,,,,,,
,,,,,,,,
,KimonoGirl KIMONO_GIRL (4) ZUKI,Espeon,35,Miracleberry,Psychic M,Hidden Power (Fire),Sing,Shadow Ball
,,,,,,,,
,,,,,,,,
,,,,,,,,
,,,,,,,,
,,,,,,,,
,KimonoGirl KIMONO_GIRL (5) KUNI,Flareon,35,Miracleberry,Flamethrower,Double Edge,Iron Tail,Shadow Ball
,,,,,,,,
,,,,,,,,
,,,,,,,,
,,,,,,,,
,,,,,,,,
,KimonoGirl KIMONO_GIRL (6) MIKI,Vaporeon,35,Miracleberry,Waterfall,Ice Beam,Recover,Toxic
,,,,,,,,
,,,,,,,,
,,,,,,,,
,,,,,,,,
,,,,,,,,
Ecruteak City Gym,Sage SAGE (6) PING,Unown,38,Focus Band,Psychic M,Hidden Power (Fighting),Shadow Ball,
,,Magmar,35,Miracleberry,Flamethrower,Confuse Ray,Thunderpunch,Mach Punch
,,Corsola,35,Leftovers,Recover,Waterfall,Ancientpower,Ice Beam
,,Golbat,35,Focus Band,Confuse Ray,Sludge Bomb,Giga Drain,Shadow Ball
,,Haunter,35,Magnet,Shadow Ball,Ice Punch,Fire Punch,Thunderbolt
,,,,,,,,
,Medium MEDIUM (1) MARTHA,Noctowl,35,Leftovers,Hypnosis,Psychic M,Night Shade,Reflect
,,Persian,35,Focus Band,Body Slam,Bubblebeam,Hypnosis,Shadow Ball
,,Rapidash,35,Metal Coat,Megahorn,Flamethrower,Double Edge,Iron Tail
,,,,,,,,
,,,,,,,,
,,,,,,,,
immediate,Medium MEDIUM (2) GRACE,Ninetales,35,Charcoal,Flamethrower,Psychic M,Iron Tail,Confuse Ray
,,Xatu,35,Berry Juice,Psychic M,Drill Peck,Giga Drain,Confuse Ray
,,Clefable,35,Leftovers,Recover,Return,Toxic,Ice Punch
,,,,,,,,
,,,,,,,,
,,,,,,,,
,Sage SAGE (5) JEFFREY,Skarmory,36,Focus Band,Steel Wing,Sky Attack,Spikes,No Move
,,Mantine,36,Focus Band,Confuse Ray,Waterfall,Ice Beam,Toxic
,,Chansey,36,Leftovers,Softboiled,Ice Beam,Psywave,Toxic
,,,,,,,,
,,,,,,,,
,,,,,,,,
,Morty MORTY (1) MORTY,Crobat,36,Gold Berry,Confuse Ray,Sludge Bomb,Shadow Ball,Giga Drain
,,Stantler,36,Brightpowder,Confuse Ray,Return,Earthquake,Reflect
,,Lanturn,36,Leftovers,Ice Beam,Thunder Wave,Thunderbolt,Waterfall
,,Misdreavus,37,Leftovers,Hypnosis,Night Shade,Thunderbolt,Psychic M
,,Umbreon,36,Miracleberry,Confuse Ray,Moonlight,Body Slam,Psychic M
,,Gengar,37,Miracleberry,Hypnosis,Thunderbolt,Ice Punch,Fire Punch
Route 38 (gauntlet),Sailor SAILOR (10) HARRY,Machoke,38,Berserk Gene,Submission,Rock Slide,Earthquake,Body Slam
,,Poliwrath,38,Leftovers,Submission,Waterfall,Earthquake,Ice Beam
,,,,,,,,
,,,,,,,,
,,,,,,,,
,,,,,,,,
,Beauty BEAUTY (17) OLIVIA,Clefable,38,Leftovers,Psychic M,Softboiled,Body Slam,Ice Punch
,,Meganium,38,Leftovers,Giga Drain,Earthquake,Body Slam,Synthesis
,,,,,,,,
,,,,,,,,
,,,,,,,,
,,,,,,,,
,Lass LASS (10) DANA,Sandslash,38,Focus Band,Earthquake,Slash,Rock Slide,Sludge Bomb
,,Wigglytuff,38,Focus Band,Double Edge,Psychic M,Thunder Wave,Thunderbolt
,,Raichu,38,Focus Band,Thunderbolt,Surf,Petal Dance,Thunder Wave
,,Victreebel,38,Focus Band,Giga Drain,Sludge Bomb,Lovely Kiss,No Move
,,,,,,,,
,,,,,,,,
,Beauty BEAUTY (16) VALERIE,Togetic,47,No Item,Metronome,Softboiled,Thunder Wave,No Move
,,Vileplume,38,Focus Band,Petal Dance,Sludge Bomb,Hidden Power (Fire),Synthesis
,,Dewgong,38,Miracleberry,Sing,Waterfall,Ice Beam,Megahorn
,,Flareon,38,Quick Claw,Flamethrower,Iron Tail,Shadow Ball,Double Edge
,,,,,,,,
,,,,,,,,
you can leave,BirdKeeper BIRD_KEEPER (5) TOBY,Golduck,38,Quick Claw,Waterfall,Ice Beam,Hypnosis,Psychic M
,,Pidgeot,38,Pink Bow,Sky Attack,Double Edge,Steel Wing,No Move
,,Murkrow,37,Berserk Gene,Wing Attack,Steel Wing,Hidden Power (Fighting),Shadow Ball
,,,,,,,,
,,,,,,,,
,,,,,,,,
,Schoolboy SCHOOLBOY (10) CHAD,Arbok,39,Quick Claw,Sludge Bomb,Giga Drain,Earthquake,Glare
,,Hitmonlee,39,Miracleberry,Submission,Rock Slide,Earthquake,Double Edge
,,,,,,,,
,,,,,,,,
,,,,,,,,
,,,,,,,,
Route 39,PokefanF POKEFANF (6) JAIME,Meowth,50,Miracleberry,Slash,Shadow Ball,Bubblebeam,Thunder
new gauntlet,,,,,,,,
,,,,,,,,
,,,,,,,,
,,,,,,,,
,,,,,,,,
,PokefanM POKEFANM (2) DEREK,Pikachu,45,Light Ball,Thunderbolt,Surf,Petal Dance,Quick Attack
,,,,,,,,
,,,,,,,,
,,,,,,,,
,,,,,,,,
,,,,,,,,
,Psychic PSYCHIC_T (6) NORMAN,Xatu,39,Miracle Seed,Psychic M,Reflect,Drill Peck,Giga Drain
,,Slowbro,39,Twistedspoon,Psybeam,Surf,Ice Punch,No Move
,,Exeggutor,39,Focus Band,Psybeam,Giga Drain,Sleep Powder,No Move
,,Porygon2,39,Leftovers,Psychic M,Tri Attack,Recover,Shadow Ball
,,,,,,,,
,,,,,,,,
,Sailor SAILOR (1) EUGENE,Raticate,38,Berserk Gene,Double Edge,Iron Tail,Bubblebeam,Quick Attack
,,Hitmonchan,39,Focus Band,Submission,Earthquake,Mach Punch,Counter
,,Octillery,39,Quick Claw,Octazooka,Flamethrower,Ice Beam,Sludge Bomb
,,,,,,,,
,,,,,,,,
,,,,,,,,
,PokefanF POKEFANF (2) RUTH,Furret,50,Leftovers,Quick Attack,Ice Punch,Fire Punch,Thunderpunch
,,,,,,,,
,,,,,,,,
,,,,,,,,
,,,,,,,,
,,,,,,,,
Route 40,SwimmerM SWIMMERM (2) SIMON,Seaking,40,Silverpowder,Megahorn,Double Edge,Waterfall,No Move
,,Dunsparce,45,Leftovers,Rollout,No Move,No Move,No Move
,,,,,,,,
,,,,,,,,
,,,,,,,,
,,,,,,,,
(immediate),SwimmerF SWIMMERF (2) PAULA,Sunflora,40,Leftovers,Giga Drain,Sludge Bomb,Synthesis,No Move
,,Corsola,40,Leftovers,Ancientpower,Ice Beam,Waterfall,Recover
,,Mantine,40,Leftovers,Toxic,Waterfall,Ice Beam,No Move
,,,,,,,,
,,,,,,,,
,,,,,,,,
,SwimmerM SWIMMERM (3) RANDALL,Furret,40,Pink Bow,Double Edge,Shadow Ball,Iron Tail,No Move
,,Qwilfish,40,Quick Claw,Sludge Bomb,Waterfall,Toxic,No Move
,,Aipom,40,Pink Bow,Return,Shadow Ball,Iron Tail,No Move
,,,,,,,,
,,,,,,,,
,,,,,,,,
(immediate),SwimmerF SWIMMERF (1) ELAINE,Golduck,40,Twistedspoon,Waterfall,Psychic M,Ice Beam,No Move
,,Starmie,39,Mystic Water,Thunderbolt,Waterfall,Psychic M,Ice Beam
,,,,,,,,
,,,,,,,,
,,,,,,,,
,,,,,,,,
Route 41,SwimmerM SWIMMERM (4) CHARLIE,Parasect,41,Quick Claw,Spore,Giga Drain,Sludge Bomb,Double Edge
,,Tentacruel,40,Focus Band,Surf,Sludge Bomb,Ice Beam,No Move
,,Sneasel,40,Nevermeltice,Ice Beam,Faint Attack,Surf,Shadow Ball
,,,,,,,,
,,,,,,,,
,,,,,,,,
(immediate),SwimmerM SWIMMERM (7) KIRK,Sandslash,41,Quick Claw,Earthquake,Rock Slide,Sludge Bomb,Guillotine
,,Kingler,41,Quick Claw,Crabhammer,Metal Claw,Submission,Guillotine
,,Pinsir,40,Quick Claw,Guillotine,Submission,Double Edge,Rock Slide
,,,,,,,,
,,,,,,,,
,,,,,,,,
,SwimmerF SWIMMERF (3) KAYLEE,Nidoqueen,41,Leftovers,Flamethrower,Surf,Sludge Bomb,Earthquake
,,Fearow,41,Focus Band,Sky Attack,Steel Wing,Tri Attack,Quick Attack
,,Tangela,41,Quick Claw,Petal Dance,Giga Drain,Sleep Powder,Ancientpower
,,,,,,,,
,,,,,,,,
,,,,,,,,
(immediate),SwimmerF SWIMMERF (6) KARA,Bellossom,41,Miracleberry,Petal Dance,Synthesis,Double Edge,Sleep Powder
,,Lanturn,41,Leftovers,Waterfall,Thunder Wave,Thunderbolt,Ice Beam
,,Azumarill,40,Berserk Gene,Double Edge,Submission,No Move,No Move
,,,,,,,,
,,,,,,,,
,,,,,,,,
,SwimmerM SWIMMERM (6) BERKE,Dragonair,47,Miracleberry,Dragon Rage,No Move,No Move,No Move
,,Dragonair,44,Miracleberry,Thunderbolt,Waterfall,Ice Beam,No Move
,,Dragonair,45,Miracleberry,Outrage,No Move,No Move,No Move
,,,,,,,,
,,,,,,,,
,,,,,,,,
,SwimmerM SWIMMERM (5) GEORGE,Lickitung,42,Quick Claw,Body Slam,Earthquake,Rest,Sleep Talk
,,Octillery,41,Quick Claw,Flamethrower,Ice Beam,Octazooka,No Move
,,Mantine,41,Leftovers,Confuse Ray,Toxic,Waterfall,Ice Beam
,,Dugtrio,41,Soft Sand,Earthquake,Sludge Bomb,Rock Slide,Body Slam
,,Victreebel,41,Poison Barb,Sludge Bomb,Giga Drain,Sleep Powder,Body Slam
,,Raticate,42,Pink Bow,Double Edge,Shadow Ball,Iron Tail,Surf
(left trainer),SwimmerM SWIMMERM (8) MATHEW,Gyarados,44,Leftovers,Thunder,Blizzard,Hydro Pump,No Move
,,,,,,,,
,,,,,,,,
,,,,,,,,
,,,,,,,,
,,,,,,,,
(right trainer) (immediate),SwimmerF SWIMMERF (5) DENISE,Dewgong,41,Leftovers,Waterfall,Ice Beam,Rest,Sleep Talk
,,Seadra,45,Mystic Water,Octazooka,Blizzard,No Move,No Move
,,Ariados,41,Quick Claw,Megahorn,Sludge Bomb,Shadow Ball,No Move
,,Ampharos,41,Quick Claw,Fire Punch,Thunderbolt,Thunder Wave,No Move
,,Quagsire,42,Quick Claw,Sludge Bomb,Waterfall,Earthquake,Body Slam
,,,,,,,,
,SwimmerF SWIMMERF (7) WENDY,Vileplume,41,Quick Claw,Sludge Bomb,Sleep Powder,Petal Dance,Giga Drain
,,Raichu,41,Magnet,Surf,Body Slam,Thunderbolt,Petal Dance
,,Flareon,41,Quick Claw,Body Slam,Flamethrower,Shadow Ball,Quick Attack
,,Togetic,48,Leftovers,Metronome,No Move,No Move,No Move
,,Wigglytuff,42,Leftovers,Double Edge,Sing,Shadow Ball,Thunder
,,Poliwrath,41,Gold Berry,Belly Drum,Submission,Waterfall,No Move
Cianwood city,Mysticalman MYSTICALMAN (1) EUSINE,Xatu,41,Brightpowder,Psychic M,Drill Peck,Giga Drain,Shadow Ball
,,Raichu,41,Brightpowder,Thunderbolt,Surf,Petal Dance,Submission
,,Jumpluff,42,Brightpowder,Sleep Powder,Leech Seed,Giga Drain,Substitute
,,Arcanine,42,Mint Berry,Flamethrower,Hidden Power (Grass),Rest,Body Slam
,,Vaporeon,42,Quick Claw,Waterfall,Ice Beam,Rest,Sleep Talk
,,Alakazam,41,Miracleberry,Psychic M,Thunderpunch,Ice Punch,Fire Punch
Cianwood city gym,Blackbelt BLACKBELT_T (2) YOSHI,Scizor,42,Quick Claw,Metal Claw,Double Edge,Submission,No Move
,,Sudowoodo,42,Leftovers,Ancientpower,Earthquake,Submission,Selfdestruct
,,Hitmonchan,43,Miracleberry,Mach Punch,Earthquake,Submission,Rock Slide
,,,,,,,,
,,,,,,,,
,,,,,,,,
(immediate),Blackbelt BLACKBELT_T (4) LAO,Hitmonlee,42,Blackbelt I,Submission,Rock Slide,Earthquake,Reversal
,,Sandslash,42,Soft Sand,Earthquake,Rock Slide,Sludge Bomb,Body Slam
,,Politoed,43,Miracleberry,Belly Drum,Submission,Body Slam,Waterfall
,,,,,,,,
,,,,,,,,
,,,,,,,,
,Blackbelt BLACKBELT_T (5) NOB,Golem,42,Quick Claw,Earthquake,Ancientpower,No Move,No Move
,,Farfetch D,42,Berserk Gene,Double Edge,Steel Wing,Sky Attack,Submission
,,Primeape,42,Miracle Seed,Endure,Reversal,No Move,No Move
,,Wobbuffet,43,Miracleberry,Destiny Bond,Counter,Mirror Coat,No Move
,,,,,,,,
,,,,,,,,
(immediate),Blackbelt BLACKBELT_T (7) LUNG,Murkrow,42,Miracleberry,Sky Attack,Pursuit,Steel Wing,Hidden Power (Ground)
,,Hitmontop,43,Focus Band,Counter,Mach Punch,Submission,Rock Slide
,,Granbull,42,Quick Claw,Double Edge,Shadow Ball,Earthquake,No Move
,,,,,,,,
,,,,,,,,
,,,,,,,,
,Chuck CHUCK (1) CHUCK,Poliwrath,44,Nevermeltice,Lovely Kiss,Submission,Earthquake,Ice Beam
,,Magmar,43,Magnet,Mach Punch,Flamethrower,Cross Chop,Thunderpunch
,,Electabuzz,43,Blackbelt I,Thunderbolt,Cross Chop,Ice Punch,Fire Punch
,,Machamp,43,Quick Claw,Cross Chop,Rock Slide,Earthquake,Mach Punch
,,Ursaring,43,Pink Bow,Double Edge,Earthquake,Metal Claw,Quick Attack
,,Primeape,44,Miracleberry,Cross Chop,Earthquake,Rock Slide,Reversal
Mt. Mortar,Blackbelt BLACKBELT_T (6) KIYO,Hitmonlee,46,Miracleberry,Double Edge,Submission,Rock Slide,Reversal
(gives you tyrogue),,Hitmonchan,46,Miracleberry,Shadow Ball,Submission,Rock Slide,Earthquake
,,,,,,,,
,,,,,,,,
,,,,,,,,
,,,,,,,,
,Pokemaniac POKEMANIAC (15) MILLER,Flareon,46,Quick Claw,Flamethrower,Iron Tail,Shadow Ball,Quick Attack
,,Dewgong,47,Leftovers,Waterfall,Megahorn,Ice Beam,Body Slam
,,Slowbro,47,Quick Claw,Psychic M,Ice Beam,Waterfall,Earthquake
,,,,,,,,
,,,,,,,,
,,,,,,,,
,SuperNerd SUPER_NERD (14) MARKUS,Electrode,45,Miracleberry,Thunderbolt,Explosion,Hidden Power (Grass),No Move
,,Qwilfish,45,Miracleberry,Sludge Bomb,Explosion,Waterfall,No Move
,,Exeggutor,45,Miracleberry,Giga Drain,Selfdestruct,Psychic M,No Move
,,,,,,,,
,,,,,,,,
,,,,,,,,
,SuperNerd SUPER_NERD (13) HUGH,Weezing,45,Miracleberry,Thunderbolt,Explosion,Flamethrower,Sludge Bomb
,,Forretress,45,Miracleberry,Hidden Power (Steel),Explosion,Spikes,No Move
,,Cloyster,45,Miracleberry,Waterfall,Explosion,Ice Beam,No Move
,,,,,,,,
,,,,,,,,
,,,,,,,,
Route 42,Hiker HIKER (6) BENJAMIN,Sudowoodo,47,Quick Claw,Ancientpower,Earthquake,Double Edge,No Move
,,Crobat,47,Miracleberry,Sludge Bomb,Confuse Ray,Shadow Ball,Giga Drain
,,Dugtrio,47,Miracleberry,Earthquake,Sludge Bomb,Ancientpower,Hidden Power (Fighting)
,,,,,,,,
,,,,,,,,
,,,,,,,,
,Pokemaniac POKEMANIAC (4) SHANE,Vileplume,47,Quick Claw,Sludge Bomb,Petal Dance,Sleep Powder,Giga Drain
,,Ninetales,47,Miracleberry,Flamethrower,Iron Tail,Confuse Ray,Quick Attack
,,Xatu,47,Miracleberry,Giga Drain,Psychic M,Shadow Ball,Drill Peck
,,,,,,,,
,,,,,,,,
,,,,,,,,
,Fisher FISHER (7) TULLY,Magikarp,99,Berserk Gene,Flail,,,
,,,,,,,,
,,,,,,,,
,,,,,,,,
,,,,,,,,
,,,,,,,,
Route 43,Pokemaniac POKEMANIAC (5) BEN,Pidgeot,48,Leftovers,Sky Attack,Hidden Power (Grass),Double Edge,Quick Attack
(right trainer),,Aipom,48,Leftovers,Double Edge,Submission,Shadow Ball,Quick Attack
,,,,,,,,
,,,,,,,,
,,,,,,,,
,,,,,,,,
(left trainer) (immediate),Pokemaniac POKEMANIAC (6) BRENT,Forretress,60,Leftovers,Spikes,Explosion,,
,,Sandslash,48,Quick Claw,Earthquake,Ancientpower,Sludge Bomb,No Move
,,Donphan,48,Quick Claw,Roar,Earthquake,Rock Slide,No Move
,,,,,,,,
,,,,,,,,
,,,,,,,,
,Pokemaniac POKEMANIAC (7) RON,Kabutops,48,Miracleberry,Rock Slide,Submission,Waterfall,Double Edge
,,Omastar,48,Quick Claw,Waterfall,Ice Beam,Ancientpower,No Move
,,,,,,,,
,,,,,,,,
,,,,,,,,
,,,,,,,,
,Fisher FISHER (6) MARVIN,Qwilfish,48,Miracleberry,Spikes,Waterfall,Sludge Bomb,Body Slam
,,Mantine,48,Leftovers,Hydro Pump,Confuse Ray,Blizzard,No Move
,,Quagsire,49,Quick Claw,Ancientpower,Waterfall,Earthquake,Sludge Bomb
,,Lanturn,49,Leftovers,Thunder Wave,Thunderbolt,Waterfall,Ice Beam
,,,,,,,,
,,,,,,,,
,Picnicker PICNICKER (20) TIFFANY,Sunkern,99,Leftovers,Giga Drain,Leech Seed,Toxic,Protect
,,Cleffa,99,Leftovers,Metronome,No Move,No Move,No Move
,,Igglybuff,99,Leftovers,Body Slam,Thunderpunch,Ice Punch,Fire Punch
,,,,,,,,
,,,,,,,,
,,,,,,,,
,Camper CAMPER (19) SPENCER,Pichu,99,Leftovers,Thunder,Submission,Surf,Petal Dance
,,Togepi,99,Leftovers,Metronome,No Move,No Move,No Move
,,Caterpie,99,Leftovers,Hidden Power (Bug),No Move,No Move,No Move
,,,,,,,,
,,,,,,,,
,,,,,,,,
Lake of Rage,CooltrainerM COOLTRAINERM (2) AARON,Kangaskhan,49,Leftovers,Body Slam,Submission,Counter,Earthquake
,,Shuckle,49,Leftovers,Toxic,Sandstorm,Wrap,Protect
,,Electabuzz,48,Magnet,Thunderbolt,Cross Chop,Ice Punch,Quick Attack
,,,,,,,,
,,,,,,,,
,,,,,,,,
,Fisher FISHER (8) ANDRE,Gyarados,49,Miracleberry,Double Edge,Hidden Power (Flying),Waterfall,No Move
,,Tentacruel,48,Miracleberry,Sludge Bomb,Ice Beam,Waterfall,Giga Drain
,,,,,,,,
,,,,,,,,
,,,,,,,,
,,,,,,,,
(immediate),Fisher FISHER (9) RAYMOND,Omastar,48,Leftovers,Spikes,Waterfall,Ice Beam,Ancientpower
,,Weezing,48,Quick Claw,Flamethrower,Thunderbolt,Shadow Ball,Sludge Bomb
,,Kingler,48,Quick Claw,Submission,Crabhammer,Submission,Ice Punch
,,,,,,,,
,,,,,,,,
,,,,,,,,
,CooltrainerF COOLTRAINERF (2) LOIS,Gengar,48,Miracleberry,Shadow Ball,Thunderpunch,Ice Punch,Fire Punch
,,Persian,49,Miracleberry,Double Edge,Hidden Power (Water),Shadow Ball,Iron Tail
,,Rapidash,48,Focus Band,Fire Blast,Iron Tail,Quick Attack,Megahorn
,,Exeggutor,48,Quick Claw,Psychic M,Giga Drain,Ancientpower,No Move
,,Politoed,49,Leftovers,Waterfall,Ice Beam,Earthquake,Submission
,,Mr  Mime,48,Miracleberry,Psychic M,Ice Punch,Fire Punch,Thunderbolt
Rocket Hideout,GruntM GRUNTM (16) GRUNT,Rhydon,48,Hard Stone,Ancientpower,Megahorn,Surf,Earthquake
,,Gyarados,48,Sharp Beak,Hidden Power (Flying),Double Edge,Waterfall,Thunderbolt
,,Yanma,48,Miracle Seed,Ancientpower,Quick Attack,Wing Attack,Hidden Power (Bug)
,,Persian,48,Pink Bow,Double Edge,Thunder,Shadow Ball,Iron Tail
,,,,,,,,
,,,,,,,,
these 2 are the repeatable grunts,GruntM GRUNTM (20) GRUNT,Electrode,46,Miracleberry,Selfdestruct,Thunderbolt,Hidden Power (Ice),No Move
(boom),,Cloyster,46,Quick Claw,Selfdestruct,Waterfall,Ice Beam,No Move
,,,,,,,,
,,,,,,,,
,,,,,,,,
,,,,,,,,
these 2 are the repeatable grunts,GruntM GRUNTM (21) GRUNT,Golem,45,Quick Claw,Selfdestruct,Earthquake,Rock Slide,No Move
(boom),,Forretress,45,Quick Claw,Selfdestruct,Hidden Power (Steel),Earthquake,Body Slam
,,Weezing,45,Quick Claw,Selfdestruct,Sludge Bomb,Flamethrower,No Move
,,,,,,,,
,,,,,,,,
,,,,,,,,
,Scientist SCIENTIST (3) JED,Magneton,49,Magnet,Thunderbolt,Hidden Power (Water),Thunder Wave,Explosion
,,Kabutops,50,Mystic Water,Ancientpower,Waterfall,Submission,Quick Attack
,,Porygon2,50,Leftovers,Thunderbolt,Ice Beam,Tri Attack,Recover
,,,,,,,,
,,,,,,,,
,,,,,,,,
,GruntM GRUNTM (19) GRUNT,Raticate,53,Pink Bow,Double Edge,Submission,Shadow Ball,Quick Attack
,,Hypno,50,Leftovers,Thunderbolt,Shadow Ball,Fire Punch,Submission
,,Arbok,50,Leftovers,Sludge Bomb,Giga Drain,Earthquake,Iron Tail
,,,,,,,,
,,,,,,,,
,,,,,,,,
,GruntM GRUNTM (17) GRUNT,Umbreon,50,Leftovers,Crunch,Toxic,Moonlight,Hidden Power (Fire)
,,Espeon,50,Miracleberry,Psychic M,Hidden Power (Fire),Growth,No Move
,,Houndoom,50,Miracleberry,Flamethrower,Crunch,Iron Tail,Quick Attack
,,,,,,,,
,,,,,,,,
,,,,,,,,
,Scientist SCIENTIST (2) MITCH,Ditto,70,Leftovers,Transform,No Move,No Move,No Move
,,Ditto,70,Leftovers,Transform,No Move,No Move,No Move
,,Ditto,70,Leftovers,Transform,No Move,No Move,No Move
,,,,,,,,
,,,,,,,,
,,,,,,,,
,GruntM GRUNTM (28) GRUNT,Xatu,51,Miracleberry,Giga Drain,Psychic M,Hidden Power (Fire),Drill Peck
,,Nidoking,51,Miracleberry,Earthquake,Sludge Bomb,Megahorn,Hidden Power (Fighting)
,,Ursaring,47,Berserk Gene,Double Edge,Earthquake,No Move,No Move
,,,,,,,,
,,,,,,,,
,,,,,,,,
,GruntF GRUNTF (5) GRUNT,Vileplume,51,Leftovers,Giga Drain,Sludge Bomb,Hidden Power (Fire),Sleep Powder
,,Lanturn,51,Leftovers,Waterfall,Thunder,Ice Beam,Thunder Wave
,,Nidoqueen,50,Miracleberry,Earthquake,Sludge Bomb,Fire Blast,Blizzard
,,,,,,,,
,,,,,,,,
,,,,,,,,
,GruntM GRUNTM (18) GRUNT,Crobat,50,Miracleberry,Sky Attack,Giga Drain,Sludge Bomb,No Move
,,Muk,50,Quick Claw,Explosion,Flamethrower,Giga Drain,Sludge Bomb
,,Weezing,50,Quick Claw,Explosion,Sludge Bomb,Thunderbolt,Psychic M
,,,,,,,,
,,,,,,,,
,,,,,,,,
,Scientist SCIENTIST (1) ROSS,Miltank,50,Focus Band,Body Slam,Milk Drink,Earthquake,Attract
,,Slowbro,48,Leftovers,Psychic M,Ice Beam,Waterfall,Recover
,,Mr  Mime,49,Miracleberry,Psychic M,Thunderbolt,Fire Punch,Reflect
,,,,,,,,
,,,,,,,,
,,,,,,,,
,ExecutiveM EXECUTIVEM (4) EXECUTIVE,Misdreavus,53,Miracleberry,Hypnosis,Night Shade,Psychic M,Thunderbolt
,,Houndoom,53,Magnet,Flamethrower,Crunch,Hidden Power (Electric),Iron Tail
,,Exeggutor,52,Quick Claw,Sleep Powder,Giga Drain,Explosion,Psychic M
,,Starmie,53,Miracleberry,Waterfall,Ice Beam,Thunderbolt,Recover
,,Marowak,52,Thick Club,Earthquake,Ancientpower,Frustration,No Move
,,Kangaskhan,53,Leftovers,Fire Blast,Substitute,Body Slam,Earthquake
,ExecutiveF EXECUTIVEF (2) EXECUTIVE,Donphan,53,Quick Claw,Earthquake,Ancientpower,Body Slam,Swagger
,,Espeon,53,Miracleberry,Sing,Psychic M,Psywave,Hidden Power (Fire)
,,Heracross,52,Miracleberry,Megahorn,Earthquake,Submission,Rock Slide
,,Gengar,52,Miracleberry,Hypnosis,Ice Punch,Thunderbolt,Explosion
,,Aerodactyl,52,Hard Stone,Rock Slide,Wing Attack,Earthquake,Fire Blast
,,Tauros,52,Soft Sand,Double Edge,Earthquake,Rest,Sleep Talk
Mahogany town gym,Skier SKIER (2) CLARISSA,Octillery,54,Miracleberry,Waterfall,Flamethrower,Ice Beam,No Move
,,Sneasel,52,Metal Coat,Metal Claw,Ice Beam,Frustration,Shadow Ball
,,Ursaring,53,Miracleberry,Earthquake,Body Slam,Submission,Rest
,,Lanturn,53,Miracleberry,Waterfall,Thunderbolt,Ice Beam,Rest
,,,,,,,,
,,,,,,,,
,Boarder BOARDER (1) RONALD,Cloyster,53,Miracleberry,Spikes,Explosion,Waterfall,Ice Beam
,,Nidoqueen,53,Soft Sand,Earthquake,Sludge Bomb,Ice Beam,Thunderbolt
,,Girafarig,53,Twistedspoon,Psychic M,Body Slam,Shadow Ball,Thunderbolt
,,Dewgong,53,Leftovers,Waterfall,Ice Beam,Double Edge,No Move
,,,,,,,,
,,,,,,,,
,Boarder BOARDER (3) DOUGLAS,Stantler,52,Miracleberry,Body Slam,Earthquake,Hypnosis,Confuse Ray
,,Golduck,54,Miracleberry,Waterfall,Ice Beam,Hypnosis,Cross Chop
,,Arcanine,53,Leftovers,Fire Blast,Extremespeed,Crunch,Hidden Power (Grass)
,,Raichu,54,Magnet,Thunderbolt,Extremespeed,Surf,No Move
,,,,,,,,
,,,,,,,,
,Pryce PRYCE (1) PRYCE,Jynx,55,Nevermeltice,Lovely Kiss,Ice Beam,Psychic M,Destiny Bond
,,Tentacruel,54,Miracleberry,Waterfall,Sludge Bomb,Ice Beam,Giga Drain
,,Piloswine,54,Miracleberry,Earthquake,Ancientpower,Ice Beam,Body Slam
,,Lapras,55,Miracleberry,Confuse Ray,Ice Beam,Thunderbolt,Waterfall
,,Dewgong,55,Leftovers,Hidden Power (Electric),Ice Beam,Waterfall,Icy Wind
,,Articuno,54,Leftovers,Sky Attack,Ice Beam,Hidden Power (Grass),Psychic M
Olivine Lighthouse,Gentleman GENTLEMAN (5) ALFRED,Granbull,57,Miracleberry,Thunder Wave,Frustration,Earthquake,Submission
,,Poliwrath,55,Miracleberry,Waterfall,Earthquake,Ice Beam,Submission
,,Raichu,55,Pink Bow,Thunderbolt,Extremespeed,Surf,Hidden Power (Fire)
,,,,,,,,
,,,,,,,,
,,,,,,,,
,Sailor SAILOR (2) HUEY,Qwilfish,54,Miracleberry,Sludge Bomb,Hydro Pump,Explosion,Ice Beam
,,Espeon,54,Miracleberry,Psychic M,Hidden Power (Fire),Shadow Ball,Morning Sun
,,Primeape,55,Blackbelt I,Cross Chop,Earthquake,Rock Slide,Body Slam
,,Politoed,56,Mystic Water,Hypnosis,Hydro Pump,Earthquake,Ice Beam
,,,,,,,,
,,,,,,,,
,BirdKeeper BIRD_KEEPER (4) THEO,Noctowl,53,Miracleberry,Hypnosis,Sky Attack,Psychic M,Steel Wing
,,Pidgeot,54,Pink Bow,Quick Attack,Hidden Power (Flying),Frustration,Steel Wing
,,Gligar,55,Miracleberry,Sky Attack,Earthquake,Steel Wing,No Move
,,Golduck,54,Mystic Water,Hypnosis,Waterfall,Ice Beam,Cross Chop
,,Fearow,55,Sharp Beak,Drill Peck,Frustration,Steel Wing,Hidden Power (Ground)
,,,,,,,,
,Gentleman GENTLEMAN (1) PRESTON,Arcanine,55,Miracleberry,Fire Blast,Extremespeed,Crunch,Morning Sun
,,Scizor,56,Miracleberry,Leech Life,Metal Claw,Quick Attack,No Move
,,,,,,,,
,,,,,,,,
,,,,,,,,
,,,,,,,,
,BirdKeeper BIRD_KEEPER (6) DENIS,Togetic,55,Miracleberry,Softboiled,Tri Attack,Hidden Power (Flying),Flamethrower
,,Dodrio,55,Sharp Beak,Drill Peck,Frustration,Steel Wing,Double Kick
,,Xatu,55,Miracleberry,Giga Drain,Psychic M,Drill Peck,Confuse Ray
,,,,,,,,
,,,,,,,,
,,,,,,,,
,Lass LASS (5) CONNIE,Clefable,57,Miracleberry,Softboiled,Flamethrower,Ice Beam,Thunderbolt
,,Wigglytuff,57,Miracleberry,Double Edge,Flamethrower,Ice Beam,Thunderbolt
,,,,,,,,
,,,,,,,,
,,,,,,,,
,,,,,,,,
,Sailor SAILOR (3) TERRELL,Tentacruel,57,Miracleberry,Waterfall,Ice Beam,Sludge Bomb,No Move
,,Mantine,57,Miracleberry,Waterfall,Ice Beam,Confuse Ray,No Move
,,,,,,,,
,,,,,,,,
,,,,,,,,
,,,,,,,,
cant leave after Terrell,Sailor SAILOR (5) ERNEST,Sneasel,56,Miracleberry,Metal Claw,Surf,Shadow Ball,Ice Beam
,,Machamp,56,Miracleberry,Submission,Earthquake,Rock Slide,Shadow Ball
,,Quagsire,56,Leftovers,Recover,Waterfall,Earthquake,Ice Beam
,,Gengar,54,Miracleberry,Fire Punch,Ice Punch,Thunderbolt,Explosion
,,,,,,,,
,,,,,,,,
Olivine city gym,Jasmine JASMINE (1) JASMINE,Ampharos,58,Quick Claw,Reflect,Thunderbolt,Fire Punch,Hidden Power (Grass)
,,Skarmory,58,Focus Band,Spikes,Metal Claw,Rock Slide,Sky Attack
,,Porygon2,58,Leftovers,Tri Attack,Ice Beam,Thunderbolt,Psychic M
,,Scizor,58,Quick Claw,Light Screen,Metal Claw,Double Edge,Hidden Power (Bug)
,,Slowbro,58,Leftovers,Fire Blast,Waterfall,Psychic M,Earthquake
,,Steelix,58,Quick Claw,Iron Tail,Earthquake,Explosion,Ancientpower
Radio Tower,GruntM GRUNTM (3) GRUNT,Piloswine,63,Leftovers,Earthquake,Rock Slide,Ice Beam,No Move
,,Crobat,63,Leftovers,Hidden Power (Flying),Sludge Bomb,Confuse Ray,Giga Drain
,,Raichu,63,Miracleberry,Thunderbolt,Surf,Extremespeed,Hidden Power (Fire)
,,Poliwrath,63,Miracleberry,Earthquake,Waterfall,Ice Beam,Submission
,,,,,,,,
,,,,,,,,
,GruntM GRUNTM (6) GRUNT,Ditto,80,Miracleberry,Transform,No Move,No Move,No Move
,,Weezing,57,Quick Claw,Explosion,Sludge Bomb,Thunderbolt,Flamethrower
,,Forretress,57,Quick Claw,Explosion,Earthquake,Hidden Power (Steel),Leech Life
,,Gyarados,61,Miracleberry,Hidden Power (Flying),Hydro Pump,Ice Beam,Earthquake
,,,,,,,,
,,,,,,,,
(immediate),GruntF GRUNTF (2) GRUNT,Victreebel,61,Miracleberry,Sleep Powder,Giga Drain,Sludge Bomb,Hidden Power (Fire)
,,Electabuzz,61,Magnet,Thunderbolt,Cross Chop,Fire Punch,Ice Punch
,,Ursaring,60,Miracleberry,Earthquake,Submission,Frustration,Rock Slide
,,,,,,,,
,,,,,,,,
,,,,,,,,
,GruntM GRUNTM (4) GRUNT,Houndoom,63,Miracleberry,Flamethrower,Pursuit,Crunch,Hidden Power (Electric)
,,Dodrio,63,Miracleberry,Sky Attack,Double Kick,Return,Steel Wing
,,Hypno,63,Miracleberry,Hypnosis,Psychic M,Fire Punch,Thunderpunch
,,Umbreon,63,Miracleberry,Confuse Ray,Pursuit,Toxic,Moonlight
,,,,,,,,
,,,,,,,,
,GruntM GRUNTM (7) GRUNT,Scizor,61,Quick Claw,Metal Claw,Leech Life,Quick Attack,Hidden Power (Ground)
,,Kangaskhan,61,Pink Bow,Return,Earthquake,Rock Slide,Shadow Ball
,,Machamp,61,Quick Claw,Submission,Earthquake,Rock Slide,Hidden Power (Ghost)
,,Donphan,61,Leftovers,Earthquake,Rock Slide,Attract,Return
,,,,,,,,
,,,,,,,,
(immediate),GruntM GRUNTM (8) GRUNT,Tentacruel,61,Miracleberry,Waterfall,Ice Beam,Sludge Bomb,Confuse Ray
,,Qwilfish,61,Miracleberry,Hydro Pump,Sludge Bomb,Ice Beam,Return
,,Jolteon,61,Magnet,Thunderbolt,Bite,Thunder Wave,Hidden Power (Ice)
,,,,,,,,
,,,,,,,,
,,,,,,,,
,GruntM GRUNTM (10) GRUNT,Magmar,62,Miracleberry,Flamethrower,Cross Chop,Thunderpunch,Psychic M
,,Alakazam,61,Miracleberry,Fire Punch,Psychic M,Thunderpunch,Seismic Toss
,,Gengar,61,Miracleberry,Hypnosis,Thunderbolt,Ice Punch,Fire Punch
,,Flareon,62,Charcoal,Flamethrower,Body Slam,Shadow Ball,Quick Attack
,,,,,,,,
,,,,,,,,
(immediate),Scientist SCIENTIST (5) RICH,Skarmory,63,Leftovers,Drill Peck,Metal Claw,Rock Slide,Hidden Power (Ground)
,,Chansey,75,Leftovers,Softboiled,Reflect,Seismic Toss,No Move
,,Mr  Mime,62,Twistedspoon,Ice Punch,Psychic M,Thunderbolt,Fire Punch
,,Vaporeon,63,Mystic Water,Waterfall,Ice Beam,Toxic,Detect
,,,,,,,,
,,,,,,,,
,ExecutiveM EXECUTIVEM (3) EXECUTIVE,Electrode,59,Scope Lens,Explosion,Hidden Power (Grass),Thunderbolt,Light Screen
,,Exeggutor,59,Quick Claw,Selfdestruct,Psychic M,Sleep Powder,Giga Drain
,,Muk,59,Quick Claw,Selfdestruct,Sludge Bomb,Flamethrower,Giga Drain
,,Cloyster,59,Quick Claw,Selfdestruct,Ice Beam,Waterfall,Tri Attack
,,Steelix,59,Quick Claw,Selfdestruct,Earthquake,Rock Slide,Body Slam
,,Snorlax,58,Quick Claw,Selfdestruct,Body Slam,Rock Slide,Flamethrower
,GruntM GRUNTM (13) GRUNT,Rhydon,62,Quick Claw,Earthquake,Iron Tail,Rock Slide,Megahorn
,,Mantine,63,Miracleberry,Waterfall,Ice Beam,Hidden Power (Electric),Toxic
,,Venusaur,62,Leftovers,Giga Drain,Leech Seed,Sludge Bomb,Earthquake
,,Feraligatr,62,Miracleberry,Waterfall,Ice Beam,Earthquake,Crunch
,,,,,,,,
,,,,,,,,
(immediate),GruntM GRUNTM (11) GRUNT,Kangaskhan,62,Miracleberry,Surf,Body Slam,Earthquake,Attract
,,Jynx,62,Nevermeltice,Lovely Kiss,Ice Beam,Psychic M,Seismic Toss
,,Magneton,62,Magnet,Thunderbolt,Explosion,Hidden Power (Grass),Thunder Wave
,,,,,,,,
,,,,,,,,
,,,,,,,,
,Rival1 RIVAL1 (10) ?,Electabuzz,62,Magnet,Thunderbolt,Psychic M,Cross Chop,Fire Punch
,,Primeape,62,Miracleberry,Submission,Earthquake,Rock Slide,Rest
,,Dodrio,62,Pink Bow,Sky Attack,Double Edge,Steel Wing,Hidden Power (Ground)
,,Arcanine,62,Leftovers,Flamethrower,Extremespeed,Morning Sun,Hidden Power (Grass)
,,Politoed,62,Miracleberry,Waterfall,Ice Beam,Earthquake,Toxic
,,Meganium,62,Leftovers,Synthesis,Ancientpower,Giga Drain,Hidden Power (Fire)
,Rival1 RIVAL1 (11) ?,Electabuzz,62,Magnet,Thunderbolt,Psychic M,Cross Chop,Ice Punch
,,Primeape,62,Miracleberry,Submission,Earthquake,Rock Slide,Rest
,,Dodrio,62,Pink Bow,Sky Attack,Double Edge,Steel Wing,Hidden Power (Ground)
,,Venusaur,62,Leftovers,Giga Drain,Leech Seed,Sludge Bomb,Earthquake
,,Politoed,62,Miracleberry,Waterfall,Ice Beam,Earthquake,Toxic
,,Typhlosion,62,Miracleberry,Flamethrower,Thunderpunch,Earthquake,Submission
,Rival1 RIVAL1 (12) ?,Electabuzz,62,Magnet,Thunderbolt,Psychic M,Cross Chop,Hidden Power (Grass)
,,Primeape,62,Miracleberry,Submission,Earthquake,Rock Slide,Rest
,,Dodrio,62,Pink Bow,Sky Attack,Double Edge,Steel Wing,Hidden Power (Ground)
,,Arcanine,62,Leftovers,Flamethrower,Extremespeed,Morning Sun,Hidden Power (Grass)
,,Venusaur,62,Leftovers,Giga Drain,Leech Seed,Sludge Bomb,Earthquake
,,Feraligatr,62,Miracleberry,Hydro Pump,Earthquake,Ice Beam,Crunch
,Burglar BURGLAR (1) DUNCAN,Hitmonchan,62,Miracleberry,Submission,Earthquake,Rock Slide,Mach Punch
,,Ninetales,62,Leftovers,Flamethrower,Psychic M,Hidden Power (Grass),Iron Tail
,,Pinsir,62,Miracleberry,Earthquake,Rock Slide,Hidden Power (Bug),Submission
,,Nidoking,61,Berserk Gene,Earthquake,Sludge Bomb,Lovely Kiss,Thunderbolt
,,,,,,,,
,,,,,,,,
(immediate),Burglar BURGLAR (2) EDDIE,Rapidash,62,Leftovers,Flamethrower,Megahorn,Hidden Power (Grass),Double Edge
,,Persian,62,Pink Bow,Double Edge,Thunderbolt,Shadow Ball,Bubblebeam
,,Girafarig,62,Miracleberry,Hypnosis,Thunderbolt,Return,Psychic M
,,Weezing,61,Quick Claw,Explosion,Sludge Bomb,Fire Blast,Thunderbolt
,,,,,,,,
,,,,,,,,
,GruntM GRUNTM (24) GRUNT,Heracross,61,Miracleberry,Megahorn,Earthquake,Frustration,Hidden Power (Ghost)
,,Dugtrio,61,Soft Sand,Earthquake,Rock Slide,Sludge Bomb,Tri Attack
,,Ampharos,62,Leftovers,Thunderbolt,Fire Punch,Iron Tail,Thunder Wave
,,Lapras,62,Leftovers,Waterfall,Ice Beam,Thunderbolt,Psychic M
,,,,,,,,
,,,,,,,,
(immediate),GruntM GRUNTM (14) GRUNT,Quagsire,62,Leftovers,Recover,Earthquake,Waterfall,Ice Beam
,,Crobat,62,Poison Barb,Sludge Bomb,Wing Attack,Giga Drain,Hidden Power (Ground)
,,,,,,,,
,,,,,,,,
,,,,,,,,
,,,,,,,,
(immediate),GruntM GRUNTM (15) GRUNT,Muk,62,Charcoal,Explosion,Sludge Bomb,Fire Blast,Body Slam
,,Dragonite,62,Miracleberry,Earthquake,Outrage,Extremespeed,Thunderbolt
,,Umbreon,62,Blackglasses,Psychic M,Pursuit,Hidden Power (Fire),Crunch
,,,,,,,,
,,,,,,,,
,,,,,,,,
,Scientist SCIENTIST (4) MARC,Misdreavus,63,Miracleberry,Psychic M,Thunderbolt,Hypnosis,Shadow Ball
,,Xatu,63,Miracleberry,Psychic M,Drill Peck,Giga Drain,Hidden Power (Fire)
,,Aerodactyl,62,Hard Stone,Rock Slide,Earthquake,Hidden Power (Flying),Fire Blast
,,Rhydon,63,Miracleberry,Earthquake,Rock Slide,Fire Blast,Seismic Toss
,,Raichu,63,Miracleberry,Thunderbolt,Surf,Extremespeed,Hidden Power (Fire)
,,,,,,,,
,GruntF GRUNTF (4) GRUNT,Magmar,63,Miracleberry,Flamethrower,Cross Chop,Thunderpunch,Psychic M
,,Venusaur,63,Leftovers,Giga Drain,Leech Seed,Sludge Bomb,Earthquake
,,Feraligatr,63,Miracleberry,Waterfall,Ice Beam,Earthquake,Crunch
,,Kangaskhan,63,Miracleberry,Double Edge,Earthquake,Shadow Ball,Fire Blast
,,Poliwrath,63,Miracleberry,Earthquake,Waterfall,Ice Beam,Submission
,,,,,,,,
,ExecutiveM EXECUTIVEM (2) EXECUTIVE,Miltank,64,Miracleberry,Attract,Body Slam,Earthquake,Milk Drink
,,Umbreon,64,Leftovers,Psychic M,Hidden Power (Fire),Crunch,Moonlight
,,Shuckle,70,Leftovers,Toxic,Sandstorm,Protect,Wrap
,,Hypno,64,Leftovers,Fire Punch,Psychic M,Submission,Reflect
,,Forretress,63,Quick Claw,Light Screen,Rock Slide,Earthquake,Explosion
,,Blastoise,64,Leftovers,Waterfall,Ice Beam,Earthquake,Submission
,ExecutiveF EXECUTIVEF (1) EXECUTIVE,Gengar,63,Focus Band,Hypnosis,Explosion,Thunderbolt,Ice Punch
,,Blissey,66,Leftovers,Thunder Wave,Reflect,Psywave,Softboiled
,,Slowking,64,Miracleberry,Ice Beam,Psychic M,Waterfall,Earthquake
,,Tauros,63,Leftovers,Double Edge,Earthquake,Rest,Sleep Talk
,,Crobat,64,Brightpowder,Sky Attack,Sludge Bomb,Giga Drain,Hidden Power (Fire)
,,Marowak,64,Thick Club,Earthquake,Ancientpower,Frustration,No Move
,ExecutiveM EXECUTIVEM (1) EXECUTIVE,Houndoom,64,Charcoal,Flamethrower,Crunch,Frustration,Iron Tail
,,Starmie,64,Miracleberry,Waterfall,Ice Beam,Thunderbolt,Psychic M
,,Tyranitar,64,Quick Claw,Earthquake,Fire Blast,Ice Beam,Thunderbolt
,,Porygon2,64,Miracleberry,Tri Attack,Ice Beam,Thunderbolt,Psychic M
,,Alakazam,64,Miracleberry,Thunderpunch,Psychic M,Fire Punch,Ice Punch
,,Machamp,64,Quick Claw,Cross Chop,Earthquake,Rock Slide,Light Screen
,Sage SAGE (10) GAKU,Piloswine,64,Nevermeltice,Earthquake,Ice Beam,Ancientpower,Body Slam
,,,,,,,,
,,,,,,,,
,,,,,,,,
,,,,,,,,
,,,,,,,,
,Sage SAGE (11) MASA,Tyranitar,64,Blackglasses,Ancientpower,Earthquake,Crunch,Fire Blast
,,,,,,,,
,,,,,,,,
,,,,,,,,
,,,,,,,,
,,,,,,,,
,Sage SAGE (12) KOJI,Dragonite,64,Pink Bow,Extremespeed,Hidden Power (Flying),Flamethrower,Thunderbolt
,,,,,,,,
,,,,,,,,
,,,,,,,,
,,,,,,,,
,,,,,,,,
Route 44,Fisher FISHER (10) WILTON,Poliwrath,63,Leftovers,Waterfall,Ice Beam,Earthquake,Submission
,,Quagsire,63,Leftovers,Recover,Earthquake,Rock Slide,Waterfall
,,Mantine,63,Leftovers,Waterfall,Ice Beam,Wing Attack,Confuse Ray
,,Vaporeon,63,Leftovers,Waterfall,Ice Beam,Growth,Hidden Power (Grass)
,,,,,,,,
,,,,,,,,
,Psychic PSYCHIC_T (8) PHIL,Mr  Mime,63,Twistedspoon,Psychic M,Hypnosis,Thunderbolt,Fire Punch
,,Xatu,63,Twistedspoon,Psychic M,Giga Drain,Drill Peck,Thunder Wave
,,Jynx,63,Twistedspoon,Psychic M,Lovely Kiss,Ice Beam,Seismic Toss
,,Girafarig,63,Twistedspoon,Psychic M,Thunderbolt,Body Slam,Shadow Ball
,,Exeggutor,63,Twistedspoon,Psychic M,Sleep Powder,Giga Drain,Hidden Power (Fire)
,,Espeon,63,Twistedspoon,Psychic M,Sing,Morning Sun,Hidden Power (Fire)
,BirdKeeper BIRD_KEEPER (7) VANCE,Skarmory,63,Leftovers,Protect,Drill Peck,Metal Claw,Hidden Power (Ground)
,,Dodrio,63,Pink Bow,Double Edge,Drill Peck,Double Kick,Quick Attack
,,Fearow,63,Sharp Beak,Drill Peck,Quick Attack,Double Edge,No Move
,,Golduck,63,Miracleberry,Hydro Pump,Blizzard,Hypnosis,Psychic M
,,,,,,,,
,,,,,,,,
,Fisher FISHER (11) EDGAR,Qwilfish,62,Focus Band,Explosion,Spikes,Hydro Pump,Sludge Bomb
,,Octillery,64,Leftovers,Flamethrower,Waterfall,Hidden Power (Grass),Ice Beam
,,Politoed,64,Focus Band,Waterfall,Ice Beam,Earthquake,Hypnosis
,,Lanturn,64,Miracleberry,Thunderbolt,Ice Beam,Waterfall,Rest
,,,,,,,,
,,,,,,,,
,CooltrainerM COOLTRAINERM (19) ALLEN,Jolteon,64,Magnet,Thunderbolt,Hidden Power (Water),Bite,Thunder Wave
,,Machamp,64,Miracleberry,Submission,Earthquake,Rock Slide,Hidden Power (Ghost)
,,Cloyster,64,Leftovers,Explosion,Waterfall,Ice Beam,Toxic
,,,,,,,,
,,,,,,,,
,,,,,,,,
(immediate),CooltrainerF COOLTRAINERF (16) CYBIL,Heracross,63,Miracleberry,Megahorn,Hidden Power (Ghost),Earthquake,Submission
,,Typhlosion,63,Miracleberry,Flamethrower,Earthquake,Thunderpunch,Toxic
,,Ampharos,63,Leftovers,Thunderbolt,Fire Punch,Hidden Power (Water),Thunder Wave
,,Clefable,63,Leftovers,Softboiled,Ice Beam,Thunderbolt,Flamethrower
,,Golem,62,Soft Sand,Explosion,Earthquake,Rock Slide,Seismic Toss
,,,,,,,,
Blackthorn city gym,CooltrainerM COOLTRAINERM (5) MIKE,Typhlosion,64,Miracleberry,Flamethrower,Thunderpunch,Earthquake,Swagger
,,Meganium,64,Leftovers,Synthesis,Leech Seed,Giga Drain,Hidden Power (Fire)
,,Dragonite,64,Pink Bow,Flamethrower,Ice Beam,Thunderbolt,Wing Attack
,,Aerodactyl,63,Hard Stone,Rock Slide,Earthquake,Hidden Power (Flying),Frustration
,,,,,,,,
,,,,,,,,
(immediate),CooltrainerM COOLTRAINERM (3) PAUL,Dragonair,67,Miracleberry,Thunderbolt,Ice Beam,Outrage,Hydro Pump
,,Gyarados,64,Leftovers,Hidden Power (Flying),Hydro Pump,Ice Beam,Double Edge
,,Aerodactyl,63,Hard Stone,Rock Slide,Earthquake,Hidden Power (Flying),Frustration
,,,,,,,,
,,,,,,,,
,,,,,,,,
,CooltrainerF COOLTRAINERF (3) FRAN,Nidoqueen,64,Magnet,Earthquake,Sludge Bomb,Ice Beam,Thunderbolt
,,Nidoking,64,Charcoal,Earthquake,Sludge Bomb,Flamethrower,Lovely Kiss
,,Jolteon,64,Magnet,Thunderbolt,Thunder Wave,Double Kick,Hidden Power (Water)
,,Starmie,64,Leftovers,Recover,Waterfall,Ice Beam,Psychic M
,,,,,,,,
,,,,,,,,
,Clair CLAIR (1) CLAIR,Lapras,66,Leftovers,Ice Beam,Waterfall,Thunderbolt,Earthquake
,,Feraligatr,66,Quick Claw,Ancientpower,Hydro Pump,Ice Beam,Earthquake
,,Dragonite,66,Pink Bow,Extremespeed,Wing Attack,Flamethrower,Thunderbolt
,,Charizard,66,Miracleberry,Sky Attack,Hidden Power (Grass),Flamethrower,Earthquake
,,Nidoking,67,Soft Sand,Lovely Kiss,Earthquake,Ice Beam,Thunderbolt
,,Kingdra,67,Leftovers,Octazooka,Hidden Power (Grass),Ice Beam,Return
Route 45,Hiker HIKER (7) ERIK,Rhydon,68,Leftovers,Earthquake,Rock Slide,Double Edge,Megahorn
,,Mr  Mime,68,Miracleberry,Hypnosis,Psychic M,Thunderbolt,Fire Punch
,,Scyther,68,Silverpowder,Wing Attack,Leech Life,Steel Wing,Hidden Power (Ground)
,,Piloswine,68,Leftovers,Earthquake,Ancientpower,Ice Beam,Icy Wind
,,,,,,,,
,,,,,,,,
,Hiker HIKER (20) PARRY,Dugtrio,66,Soft Sand,Earthquake,Rock Slide,Sludge Bomb,Hidden Power (Ghost)
,,Azumarill,66,Leftovers,Hydro Pump,Ice Beam,Double Edge,Hidden Power (Grass)
,,Girafarig,66,Miracleberry,Psychic M,Thunderbolt,Return,Rest
,,Primeape,67,Blackbelt I,Cross Chop,Earthquake,Rock Slide,No Move
,,,,,,,,
,,,,,,,,
(immediate),Blackbelt BLACKBELT_T (8) KENJI,Machamp,67,Focus Band,Submission,Earthquake,Rock Slide,Hidden Power (Ghost)
,,Poliwrath,67,Focus Band,Submission,Earthquake,Waterfall,Ice Beam
,,Ursaring,67,Quick Claw,Return,Earthquake,Rock Slide,Fire Punch
,,,,,,,,
,,,,,,,,
,,,,,,,,
,Camper CAMPER (22) QUENTIN,Stantler,68,Miracleberry,Return,Hypnosis,Psychic M,Earthquake
,,Arcanine,68,Leftovers,Morning Sun,Flamethrower,Extremespeed,Hidden Power (Grass)
,,Scizor,68,Miracleberry,Leech Life,Metal Claw,Hidden Power (Ground),Swords Dance
,,Murkrow,68,Blackglasses,Faint Attack,Pursuit,Sky Attack,Hidden Power (Fire)
,,,,,,,,
,,,,,,,,
Route 46,Picnicker PICNICKER (10) ERIN,Kabutops,68,Miracleberry,Waterfall,Giga Drain,Ancientpower,Seismic Toss
,,Venomoth,68,Miracleberry,Sludge Bomb,Leech Life,Sleep Powder,Psychic M
,,Jynx,68,Miracleberry,Lovely Kiss,Ice Beam,Psychic M,Hidden Power (Fire)
,,Omastar,68,Miracleberry,Hydro Pump,Ancientpower,Ice Beam,Hidden Power (Grass)
,,Granbull,68,Miracleberry,Body Slam,Earthquake,Shadow Ball,Fire Punch
,,,,,,,,
Dark Cave,Hiker HIKER (8) MICHAEL,Golem,67,Miracleberry,Explosion,Earthquake,Rock Slide,Hidden Power (Ghost)
,,Forretress,67,Miracleberry,Explosion,Earthquake,Leech Life,Hidden Power (Steel)
,,Arbok,67,Miracleberry,Sludge Bomb,Crunch,Glare,Earthquake
,,Rapidash,67,Charcoal,Fire Blast,Morning Sun,Hidden Power (Electric),Toxic
,,,,,,,,
,,,,,,,,
(immediate),CooltrainerF COOLTRAINERF (7) KELLY,Jumpluff,68,Leftovers,Synthesis,Giga Drain,Hidden Power (Flying),Leech Seed
,,Blastoise,68,Leftovers,Hydro Pump,Ice Beam,Body Slam,Earthquake
,,Ampharos,68,Leftovers,Thunderbolt,Thunder Wave,Fire Punch,Hidden Power (Water)
,,Pidgeot,68,Sharp Beak,Sky Attack,Double Edge,Steel Wing,No Move
,,,,,,,,
,,,,,,,,
,CooltrainerM COOLTRAINERM (8) RYAN,Electabuzz,69,Magnet,Thunderbolt,Psychic M,Cross Chop,Fire Punch
,,Cloyster,69,Leftovers,Explosion,Ice Beam,Waterfall,Tri Attack
,,Quagsire,69,Leftovers,Recover,Curse,Earthquake,Ancientpower
,,Muk,67,Quick Claw,Explosion,Sludge Bomb,Fire Blast,Giga Drain
,,Gligar,69,Leftovers,Earthquake,Wing Attack,Steel Wing,Toxic
,,Persian,69,Pink Bow,Bubblebeam,Double Edge,Thunderbolt,Hidden Power (Fire)
Dragons den,CooltrainerM COOLTRAINERM (20) DARIN,Kingdra,69,Miracleberry,Octazooka,Hidden Power (Dragon),Ice Beam,Body Slam
,,Steelix,69,Leftovers,Earthquake,Ancientpower,Hidden Power (Ghost),Explosion
,,Gyarados,69,Leftovers,Earthquake,Hydro Pump,Ice Beam,Hidden Power (Flying)
,,,,,,,,
,,,,,,,,
,,,,,,,,
,CooltrainerF COOLTRAINERF (21) CARA,Slowbro,69,Leftovers,Thunder Wave,Waterfall,Ice Beam,Psychic M
,,Dunsparce,69,Brightpowder,Glare,Rock Slide,Headbutt,Flamethrower
,,Charizard,69,Focus Band,Sky Attack,Flamethrower,Earthquake,Ancientpower
,,Aerodactyl,67,Soft Sand,Ancientpower,Sky Attack,Earthquake,Fire Blast
,,Tyranitar,69,Leftovers,Crunch,Ancientpower,Earthquake,Fire Blast
,,Electrode,69,Pink Bow,Explosion,Thunderbolt,Tri Attack,Hidden Power (Water)
,Twins TWINS (9) LEA & PIA,Dragonite,69,Dragon Fang,Outrage,Fire Blast,Fire Blast,Thunder
,,Dragonite,69,Pink Bow,Extremespeed,Wing Attack,Steel Wing,Dynamicpunch
,,,,,,,,
,,,,,,,,
,,,,,,,,
,,,,,,,,
Route 27,CooltrainerF COOLTRAINERF (11) MEGAN,Venusaur,69,Leftovers,Giga Drain,Sludge Bomb,Earthquake,Body Slam
,,Lapras,69,Leftovers,Thunderbolt,Psychic M,Waterfall,Ice Beam
,,Dugtrio,69,Focus Band,Earthquake,Sludge Bomb,Ancientpower,Toxic
,,Lanturn,69,Leftovers,Waterfall,Thunderbolt,Ice Beam,Confuse Ray
,,Ditto,69,Metal Powder,Transform,No Move,No Move,No Move
,,Magmar,69,Brightpowder,Flamethrower,Thunderbolt,Psychic M,Cross Chop
(immediate),BirdKeeper BIRD_KEEPER (14) JOSE,Farfetch D,75,Stick,Aeroblast,Hidden Power (Ground),Steel Wing,Swords Dance
,,,,,,,,
,,,,,,,,
,,,,,,,,
,,,,,,,,
,,,,,,,,
,CooltrainerM COOLTRAINERM (11) BLAKE,Flareon,69,Quick Claw,Flamethrower,Iron Tail,Shadow Ball,Double Edge
,,Cloyster,69,Focus Band,Explosion,Waterfall,Ice Beam,Hidden Power (Fire)
,,Weezing,69,Brightpowder,Explosion,Sludge Bomb,Flamethrower,Thunderbolt
,,Persian,69,Miracleberry,Double Edge,Bubblebeam,Thunderbolt,Hidden Power (Fire)
,,,,,,,,
,,,,,,,,
(immediate),CooltrainerF COOLTRAINERF (10) REENA,Tyranitar,69,Leftovers,Ancientpower,Crunch,Thunderbolt,Fire Blast
,,Jynx,69,Miracleberry,Lovely Kiss,Ice Beam,Psychic M,Hidden Power (Fire)
,,Victreebel,69,Miracleberry,Sleep Powder,Sludge Bomb,Giga Drain,Hidden Power (Fire)
,,Skarmory,70,Leftovers,Rest,Sleep Talk,Hidden Power (Ground),Drill Peck
,,,,,,,,
,,,,,,,,
,CooltrainerM COOLTRAINERM (12) BRIAN,Gengar,70,Miracleberry,Hypnosis,Thunderbolt,Ice Punch,Fire Punch
,,Alakazam,70,Miracleberry,Hypnosis,Thunderpunch,Psychic M,Fire Punch
,,Porygon2,70,Leftovers,Recover,Thunderbolt,Ice Beam,Tri Attack
,,Dodrio,70,Brightpowder,Drill Peck,Double Edge,Steel Wing,Double Kick
,,,,,,,,
,,,,,,,,
(immediate),Psychic PSYCHIC_T (10) GILBERT,Xatu,70,Miracleberry,Psychic M,Giga Drain,Drill Peck,Thunder Wave
,,Slowbro,70,Leftovers,Waterfall,Ice Beam,Flamethrower,Psychic M
,,Jynx,70,Focus Band,Lovely Kiss,Ice Beam,Psychic M,Hidden Power (Fire)
,,Donphan,70,Quick Claw,Earthquake,Ancientpower,Body Slam,Swagger
,,,,,,,,
,,,,,,,,
Route 26,CooltrainerM COOLTRAINERM (9) JAKE,Magneton,70,Miracleberry,Thunder Wave,Thunderbolt,Tri Attack,Hidden Power (Fire)
,,Politoed,70,Leftovers,Waterfall,Ice Beam,Earthquake,Hypnosis
,,Misdreavus,70,Focus Band,Thunderbolt,Psychic M,Hidden Power (Fire),Hypnosis
,,Nidoking,70,Focus Band,Lovely Kiss,Earthquake,Sludge Bomb,Flamethrower
,,Exeggutor,70,Quick Claw,Sleep Powder,Giga Drain,Psychic M,Hidden Power (Fire)
,,Stantler,70,Miracleberry,Hypnosis,Frustration,Earthquake,Psychic M
(immediate),Fisher FISHER (21) SCOTT,Dragonite,70,Pink Bow,Extremespeed,Outrage,Thunderbolt,Flamethrower
,,Tentacruel,70,Leftovers,Sludge Bomb,Waterfall,Toxic,Ice Beam
,,Piloswine,70,Leftovers,Earthquake,Ancientpower,Ice Beam,Icy Wind
,,,,,,,,
,,,,,,,,
,,,,,,,,
(talk to her from the back?),CooltrainerF COOLTRAINERF (8) JOYCE,Nidoqueen,71,Focus Band,Earthquake,Sludge Bomb,Ice Beam,Thunderbolt
,,Vaporeon,71,Leftovers,Waterfall,Ice Beam,Hidden Power (Grass),Toxic
,,Forretress,71,Quick Claw,Explosion,Hidden Power (Steel),Leech Life,Earthquake
,,Raichu,71,Magnet,Thunderbolt,Surf,Extremespeed,Hidden Power (Fire)
,,Charizard,71,Miracleberry,Flamethrower,Hidden Power (Flying),Earthquake,Ancientpower
,,Magmar,71,Charcoal,Flamethrower,Thunderbolt,Cross Chop,Psychic M
,CooltrainerM COOLTRAINERM (10) GAVEN,Electrode,68,Berserk Gene,Explosion,Thunderbolt,Hidden Power (Grass),Thunder Wave
,,Machamp,68,Berserk Gene,Earthquake,Rock Slide,Hidden Power (Ghost),Cross Chop
,,Ursaring,68,Berserk Gene,Earthquake,Fire Punch,Rock Slide,Return
,,Quagsire,68,Berserk Gene,Sludge Bomb,Earthquake,Ancientpower,Waterfall
,,Scizor,68,Berserk Gene,Quick Attack,Metal Claw,Leech Life,Hidden Power (Ground)
,,Aerodactyl,68,Berserk Gene,Rock Slide,Fly,Earthquake,Hidden Power (Ghost)
(immediate),CooltrainerF COOLTRAINERF (9) BETH,Espeon,70,Brightpowder,Sing,Hidden Power (Fire),Psywave,Morning Sun
,,Blissey,70,Leftovers,Softboiled,Thunder Wave,Ice Beam,Thunderbolt
,,Starmie,70,Leftovers,Recover,Waterfall,Thunderbolt,Psychic M
,,,,,,,,
,,,,,,,,
,,,,,,,,
Victoary road,Rival1 RIVAL1 (13) ?,Ampharos,72,Leftovers,Thunderbolt,Thunder Wave,Fire Punch,Hidden Power (Water)
,,Feraligatr,72,Focus Band,Ancientpower,Hydro Pump,Ice Beam,Earthquake
,,Tauros,72,Leftovers,Double Edge,Earthquake,Rest,Sleep Talk
,,Marowak,72,Thick Club,Earthquake,Ancientpower,Frustration,No Move
,,Meganium,72,Leftovers,Synthesis,Ancientpower,Giga Drain,Hidden Power (Fire)
,,Typhlosion,72,Focus Band,Flamethrower,Earthquake,Thunderpunch,Toxic
,Rival1 RIVAL1 (14) ?,Ampharos,72,Leftovers,Thunderbolt,Thunder Wave,Fire Punch,Hidden Power (Water)
,,Feraligatr,72,Focus Band,Ancientpower,Hydro Pump,Ice Beam,Earthquake
,,Tauros,72,Leftovers,Double Edge,Earthquake,Rest,Sleep Talk
,,Marowak,72,Thick Club,Earthquake,Ancientpower,Frustration,No Move
,,Meganium,72,Leftovers,Synthesis,Leech Seed,Giga Drain,Hidden Power (Fire)
,,Typhlosion,72,Focus Band,Flamethrower,Earthquake,Thunderpunch,Toxic
,Rival1 RIVAL1 (15) ?,Ampharos,72,Leftovers,Thunderbolt,Thunder Wave,Fire Punch,Hidden Power (Water)
,,Feraligatr,72,Focus Band,Ancientpower,Hydro Pump,Ice Beam,Earthquake
,,Tauros,72,Leftovers,Double Edge,Earthquake,Rest,Sleep Talk
,,Marowak,72,Thick Club,Earthquake,Ancientpower,Frustration,No Move
,,Meganium,72,Leftovers,Synthesis,Leech Seed,Giga Drain,Hidden Power (Fire)
,,Typhlosion,72,Focus Band,Flamethrower,Earthquake,Thunderpunch,Toxic
Elite 4,Will WILL (1) WILL,Espeon,73,Miracleberry,Psywave,Psychic M,Hidden Power (Fire),Morning Sun
,,Clefable,72,Leftovers,Moonlight,Thunderbolt,Ice Beam,Flamethrower
,,Exeggutor,72,Quick Claw,Hidden Power (Fire),Psychic M,Giga Drain,Ancientpower
,,Electabuzz,72,Magnet,Thunderbolt,Cross Chop,Ice Punch,Fire Punch
,,Slowking,73,Leftovers,Fire Blast,Psychic M,Waterfall,Earthquake
,,Alakazam,72,Miracleberry,Ice Punch,Psychic M,Fire Punch,Thunderpunch
,Koga KOGA (1) KOGA,Electrode,72,Miracleberry,Hidden Power (Grass),Reflect,Thunderbolt,Explosion
,,Meganium,73,Leftovers,Giga Drain,Ancientpower,Leech Seed,Hidden Power (Fire)
,,Tentacruel,72,Miracleberry,Surf,Ice Beam,Giga Drain,Attract
,,Muk,72,Leftovers,Explosion,Sludge Bomb,Flamethrower,Giga Drain
,,Scyther,73,Sharp Beak,Wing Attack,Reversal,Hidden Power (Bug),Metal Claw
,,Crobat,73,Leftovers,Sky Attack,Hidden Power (Ground),Hypnosis,Giga Drain
,Bruno BRUNO (1) BRUNO,Blastoise,73,Leftovers,Waterfall,Ice Beam,Earthquake,Hidden Power (Electric)
,,Ursaring,72,Miracleberry,Return,Earthquake,Rest,Metal Claw
,,Steelix,72,Quick Claw,Selfdestruct,Earthquake,Rock Slide,Body Slam
,,Heracross,73,Quick Claw,Megahorn,Submission,Earthquake,Rock Slide
,,Snorlax,72,Leftovers,Fire Blast,Earthquake,Double Edge,Lovely Kiss
,,Machamp,73,Blackbelt I,Cross Chop,Earthquake,Rock Slide,Body Slam
,Karen KAREN (1) KAREN,Gengar,72,Miracleberry,Fire Punch,Thunderbolt,Ice Punch,Hidden Power (Water)
,,Miltank,73,Miracleberry,Iron Tail,Body Slam,Earthquake,Milk Drink
,,Misdreavus,73,Leftovers,Hypnosis,Psywave,Thunderbolt,Psychic M
,,Houndoom,73,Charcoal,Flamethrower,Crunch,Iron Tail,Hidden Power (Grass)
,,Hypno,73,Leftovers,Submission,Psychic M,Shadow Ball,Reflect
,,Umbreon,73,Leftovers,Double Team,Confuse Ray,Toxic,Moonlight
,Champion CHAMPION (1) LANCE,Kangaskhan,74,Leftovers,Return,Earthquake,Rest,Sleep Talk
,,Aerodactyl,73,Miracleberry,Sky Attack,Earthquake,Ancientpower,Fire Blast
,,Gyarados,74,Miracleberry,Hidden Power (Flying),Earthquake,Hydro Pump,Ice Beam
,,Kingdra,75,Leftovers,Octazooka,Double Edge,Rest,Sleep Talk
,,Tyranitar,74,Miracleberry,Ancientpower,Earthquake,Thunderbolt,Ice Beam
,,Dragonite,75,Miracleberry,Extremespeed,Thunderbolt,Ice Beam,Flamethrower
S. S. Anne,Firebreather FIREBREATHER (8) LYLE,Weedle,5,No Item,Poison Sting,No Move,No Move,No Move
,,,,,,,,
,,,,,,,,
,,,,,,,,
,,,,,,,,
,,,,,,,,
,Sailor SAILOR (9) STANLY,Weedle,5,No Item,Poison Sting,No Move,No Move,No Move
,,,,,,,,
,,,,,,,,
,,,,,,,,
,,,,,,,,
,,,,,,,,
,PokefanM POKEFANM (9) COLIN,Weedle,5,No Item,Poison Sting,No Move,No Move,No Move
,,,,,,,,
,,,,,,,,
,,,,,,,,
,,,,,,,,
,,,,,,,,
,Juggler JUGGLER (2) FRITZ,Weedle,5,No Item,Poison Sting,No Move,No Move,No Move
,,,,,,,,
,,,,,,,,
,,,,,,,,
,,,,,,,,
,,,,,,,,
,Sailor SAILOR (6) JEFF,Weedle,5,No Item,Poison Sting,No Move,No Move,No Move
,,,,,,,,
,,,,,,,,
,,,,,,,,
,,,,,,,,
,,,,,,,,
,Twins TWINS (7) MEG & PEG,Weedle,5,No Item,Poison Sting,No Move,No Move,No Move
,,,,,,,,
,,,,,,,,
,,,,,,,,
,,,,,,,,
,,,,,,,,
Vermilion City Gym,Gentleman GENTLEMAN (3) GREGORY,Weedle,5,No Item,Poison Sting,No Move,No Move,No Move
,,,,,,,,
,,,,,,,,
,,,,,,,,
,,,,,,,,
,,,,,,,,
(immediate),Juggler JUGGLER (3) HORTON,Weedle,5,No Item,Poison Sting,No Move,No Move,No Move
,,,,,,,,
,,,,,,,,
,,,,,,,,
,,,,,,,,
,,,,,,,,
,Guitarist GUITARIST (2) VINCENT,Weedle,5,No Item,Poison Sting,No Move,No Move,No Move
,,,,,,,,
,,,,,,,,
,,,,,,,,
,,,,,,,,
,,,,,,,,
,LtSurge LT_SURGE (1) LT.SURGE,Weedle,5,No Item,Poison Sting,No Move,No Move,No Move
,,,,,,,,
,,,,,,,,
,,,,,,,,
,,,,,,,,
,,,,,,,,
Route 6,PokefanM POKEFANM (13) REX,Weedle,5,No Item,Poison Sting,No Move,No Move,No Move
,,,,,,,,
,,,,,,,,
,,,,,,,,
,,,,,,,,
,,,,,,,,
,PokefanM POKEFANM (14) ALLAN,Weedle,5,No Item,Poison Sting,No Move,No Move,No Move
,,,,,,,,
,,,,,,,,
,,,,,,,,
,,,,,,,,
,,,,,,,,
Saffron City Gym,Medium MEDIUM (7) DORIS,Weedle,5,No Item,Poison Sting,No Move,No Move,No Move
,,,,,,,,
,,,,,,,,
,,,,,,,,
,,,,,,,,
,,,,,,,,
,Psychic PSYCHIC_T (11) JARED,Weedle,5,No Item,Poison Sting,No Move,No Move,No Move
,,,,,,,,
,,,,,,,,
,,,,,,,,
,,,,,,,,
,,,,,,,,
,Medium MEDIUM (6) REBECCA,Weedle,5,No Item,Poison Sting,No Move,No Move,No Move
,,,,,,,,
,,,,,,,,
,,,,,,,,
,,,,,,,,
,,,,,,,,
(immediate),Psychic PSYCHIC_T (2) FRANKLIN,Weedle,5,No Item,Poison Sting,No Move,No Move,No Move
,,,,,,,,
,,,,,,,,
,,,,,,,,
,,,,,,,,
,,,,,,,,
,Sabrina SABRINA (1) SABRINA,Weedle,5,No Item,Poison Sting,No Move,No Move,No Move
,,,,,,,,
,,,,,,,,
,,,,,,,,
,,,,,,,,
,,,,,,,,
Route 8,Biker BIKER (3) DWAYNE,Weedle,5,No Item,Poison Sting,No Move,No Move,No Move
,,,,,,,,
,,,,,,,,
,,,,,,,,
,,,,,,,,
,,,,,,,,
,Biker BIKER (4) HARRIS,Weedle,5,No Item,Poison Sting,No Move,No Move,No Move
,,,,,,,,
,,,,,,,,
,,,,,,,,
,,,,,,,,
,,,,,,,,
,SuperNerd SUPER_NERD (6) SAM,Weedle,5,No Item,Poison Sting,No Move,No Move,No Move
,,,,,,,,
,,,,,,,,
,,,,,,,,
,,,,,,,,
,,,,,,,,
(immediate),SuperNerd SUPER_NERD (7) TOM,Weedle,5,No Item,Poison Sting,No Move,No Move,No Move
,,,,,,,,
,,,,,,,,
,,,,,,,,
,,,,,,,,
,,,,,,,,
Route 12,Fisher FISHER (4) KYLE,Weedle,5,No Item,Poison Sting,No Move,No Move,No Move
,,,,,,,,
,,,,,,,,
,,,,,,,,
,,,,,,,,
,,,,,,,,
(immediate),Fisher FISHER (14) STEPHEN,Weedle,5,No Item,Poison Sting,No Move,No Move,No Move
,,,,,,,,
,,,,,,,,
,,,,,,,,
,,,,,,,,
,,,,,,,,
,Fisher FISHER (13) MARTIN,Weedle,5,No Item,Poison Sting,No Move,No Move,No Move
,,,,,,,,
,,,,,,,,
,,,,,,,,
,,,,,,,,
,,,,,,,,
,Youngster YOUNGSTER (12) JASON,Weedle,5,No Item,Poison Sting,No Move,No Move,No Move
,,,,,,,,
,,,,,,,,
,,,,,,,,
,,,,,,,,
,,,,,,,,
,Youngster YOUNGSTER (11) OWEN,Weedle,5,No Item,Poison Sting,No Move,No Move,No Move
,,,,,,,,
,,,,,,,,
,,,,,,,,
,,,,,,,,
,,,,,,,,
,Psychic PSYCHIC_T (4) FIDEL,Weedle,5,No Item,Poison Sting,No Move,No Move,No Move
,,,,,,,,
,,,,,,,,
,,,,,,,,
,,,,,,,,
,,,,,,,,
,Psychic PSYCHIC_T (3) HERMAN,Weedle,5,No Item,Poison Sting,No Move,No Move,No Move
,,,,,,,,
,,,,,,,,
,,,,,,,,
,,,,,,,,
,,,,,,,,
Route 13,BirdKeeper BIRD_KEEPER (15) PERRY,Weedle,5,No Item,Poison Sting,No Move,No Move,No Move
,,,,,,,,
,,,,,,,,
,,,,,,,,
,,,,,,,,
,,,,,,,,
,PokefanM POKEFANM (12) ALEX,Weedle,5,No Item,Poison Sting,No Move,No Move,No Move
,,,,,,,,
,,,,,,,,
,,,,,,,,
,,,,,,,,
,,,,,,,,
Route 14,PokefanM POKEFANM (5) CARTER,Weedle,5,No Item,Poison Sting,No Move,No Move,No Move
,,,,,,,,
,,,,,,,,
,,,,,,,,
,,,,,,,,
,,,,,,,,
,PokefanM POKEFANM (6) TREVOR,Weedle,5,No Item,Poison Sting,No Move,No Move,No Move
,,,,,,,,
,,,,,,,,
,,,,,,,,
,,,,,,,,
,,,,,,,,
,BirdKeeper BIRD_KEEPER (9) ROY,Weedle,5,No Item,Poison Sting,No Move,No Move,No Move
,,,,,,,,
,,,,,,,,
,,,,,,,,
,,,,,,,,
,,,,,,,,
Route 15,Schoolboy SCHOOLBOY (9) BILLY,Weedle,5,No Item,Poison Sting,No Move,No Move,No Move
,,,,,,,,
,,,,,,,,
,,,,,,,,
,,,,,,,,
,,,,,,,,
,Teacher TEACHER (1) COLETTE,Weedle,5,No Item,Poison Sting,No Move,No Move,No Move
,,,,,,,,
,,,,,,,,
,,,,,,,,
,,,,,,,,
,,,,,,,,
,Schoolboy SCHOOLBOY (6) TOMMY,Weedle,5,No Item,Poison Sting,No Move,No Move,No Move
,,,,,,,,
,,,,,,,,
,,,,,,,,
,,,,,,,,
,,,,,,,,
,Schoolboy SCHOOLBOY (2) KIPP,Weedle,5,No Item,Poison Sting,No Move,No Move,No Move
,,,,,,,,
,,,,,,,,
,,,,,,,,
,,,,,,,,
,,,,,,,,
,Teacher TEACHER (2) HILLARY,Weedle,5,No Item,Poison Sting,No Move,No Move,No Move
,,,,,,,,
,,,,,,,,
,,,,,,,,
,,,,,,,,
,,,,,,,,
Fuchsia city gym,Picnicker PICNICKER (5) CINDY,Weedle,5,No Item,Poison Sting,No Move,No Move,No Move
needs to exist,,,,,,,,
,,,,,,,,
,,,,,,,,
,,,,,,,,
,,,,,,,,
,Janine JANINE (1) JANINE,Weedle,5,No Item,Poison Sting,No Move,No Move,No Move
,,,,,,,,
,,,,,,,,
,,,,,,,,
,,,,,,,,
,,,,,,,,
,Camper CAMPER (5) BARRY,Weedle,5,No Item,Poison Sting,No Move,No Move,No Move
needs to be exist,,,,,,,,
,,,,,,,,
,,,,,,,,
,,,,,,,,
,,,,,,,,
Route 18,Biker BIKER (8) JOEL,Weedle,5,No Item,Poison Sting,No Move,No Move,No Move
,,,,,,,,
,,,,,,,,
,,,,,,,,
,,,,,,,,
,,,,,,,,
,Biker BIKER (6) CHARLES,Weedle,5,No Item,Poison Sting,No Move,No Move,No Move
,,,,,,,,
,,,,,,,,
,,,,,,,,
,,,,,,,,
,,,,,,,,
,Biker BIKER (9) GLENN,Weedle,5,No Item,Poison Sting,No Move,No Move,No Move
,,,,,,,,
,,,,,,,,
,,,,,,,,
,,,,,,,,
,,,,,,,,
Celadon City,Lass LASS (9) MICHELLE,Weedle,5,No Item,Poison Sting,No Move,No Move,No Move
,,,,,,,,
,,,,,,,,
,,,,,,,,
,,,,,,,,
,,,,,,,,
(immediate),Picnicker PICNICKER (19) TANYA,Weedle,5,No Item,Poison Sting,No Move,No Move,No Move
,,,,,,,,
,,,,,,,,
,,,,,,,,
,,,,,,,,
,,,,,,,,
,Twins TWINS (5) JO & ZOE,Weedle,5,No Item,Poison Sting,No Move,No Move,No Move
,,,,,,,,
,,,,,,,,
,,,,,,,,
,,,,,,,,
,,,,,,,,
,Beauty BEAUTY (14) JULIA,Weedle,5,No Item,Poison Sting,No Move,No Move,No Move
,,,,,,,,
,,,,,,,,
,,,,,,,,
,,,,,,,,
,,,,,,,,
,Erika ERIKA (1) ERIKA,Weedle,5,No Item,Poison Sting,No Move,No Move,No Move
,,,,,,,,
,,,,,,,,
,,,,,,,,
,,,,,,,,
,,,,,,,,
Route 10,Hiker HIKER (17) JIM,Weedle,5,No Item,Poison Sting,No Move,No Move,No Move
,,,,,,,,
,,,,,,,,
,,,,,,,,
,,,,,,,,
,,,,,,,,
Route 9,Picnicker PICNICKER (13) HEIDI,Weedle,5,No Item,Poison Sting,No Move,No Move,No Move
,,,,,,,,
,,,,,,,,
,,,,,,,,
,,,,,,,,
,,,,,,,,
,Hiker HIKER (15) SIDNEY,Weedle,5,No Item,Poison Sting,No Move,No Move,No Move
,,,,,,,,
,,,,,,,,
,,,,,,,,
,,,,,,,,
,,,,,,,,
,Camper CAMPER (7) DEAN,Weedle,5,No Item,Poison Sting,No Move,No Move,No Move
,,,,,,,,
,,,,,,,,
,,,,,,,,
,,,,,,,,
,,,,,,,,
,Hiker HIKER (13) TIM,Weedle,5,No Item,Poison Sting,No Move,No Move,No Move
,,,,,,,,
,,,,,,,,
,,,,,,,,
,,,,,,,,
,,,,,,,,
,Camper CAMPER (8) SID,Weedle,5,No Item,Poison Sting,No Move,No Move,No Move
,,,,,,,,
,,,,,,,,
,,,,,,,,
,,,,,,,,
,,,,,,,,
Route 24,GruntM GRUNTM (31) GRUNT,Weedle,5,No Item,Poison Sting,No Move,No Move,No Move
,,,,,,,,
,,,,,,,,
,,,,,,,,
,,,,,,,,
,,,,,,,,
Route 2,BugCatcher BUG_CATCHER (3) ED,Weedle,5,No Item,Poison Sting,No Move,No Move,No Move
,,,,,,,,
,,,,,,,,
,,,,,,,,
,,,,,,,,
,,,,,,,,
,BugCatcher BUG_CATCHER (2) ROB,Weedle,5,No Item,Poison Sting,No Move,No Move,No Move
,,,,,,,,
,,,,,,,,
,,,,,,,,
,,,,,,,,
,,,,,,,,
Pewter City Gym,Camper CAMPER (18) JERRY,Weedle,5,No Item,Poison Sting,No Move,No Move,No Move
,,,,,,,,
,,,,,,,,
,,,,,,,,
,,,,,,,,
,,,,,,,,
,Brock BROCK (1) BROCK,Weedle,5,No Item,Poison Sting,No Move,No Move,No Move
,,,,,,,,
,,,,,,,,
,,,,,,,,
,,,,,,,,
,,,,,,,,
Route 3,Youngster YOUNGSTER (9) WARREN,Weedle,5,No Item,Poison Sting,No Move,No Move,No Move
gauntlet,,,,,,,,
,,,,,,,,
,,,,,,,,
,,,,,,,,
,,,,,,,,
,Firebreather FIREBREATHER (4) BURT,Weedle,5,No Item,Poison Sting,No Move,No Move,No Move
,,,,,,,,
,,,,,,,,
,,,,,,,,
,,,,,,,,
,,,,,,,,
,Firebreather FIREBREATHER (1) OTIS,Weedle,5,No Item,Poison Sting,No Move,No Move,No Move
,,,,,,,,
,,,,,,,,
,,,,,,,,
,,,,,,,,
,,,,,,,,
Mt. Moon,Rival2 RIVAL2 (1) ?,Weedle,5,No Item,Poison Sting,No Move,No Move,No Move
,,,,,,,,
,,,,,,,,
,,,,,,,,
,,,,,,,,
,,,,,,,,
,Rival2 RIVAL2 (2) ?,Weedle,5,No Item,Poison Sting,No Move,No Move,No Move
,,,,,,,,
,,,,,,,,
,,,,,,,,
,,,,,,,,
,,,,,,,,
,Rival2 RIVAL2 (3) ?,Weedle,5,No Item,Poison Sting,No Move,No Move,No Move
,,,,,,,,
,,,,,,,,
,,,,,,,,
,,,,,,,,
,,,,,,,,
Route 4,Picnicker PICNICKER (6) HOPE,Weedle,5,No Item,Poison Sting,No Move,No Move,No Move
,,,,,,,,
,,,,,,,,
,,,,,,,,
,,,,,,,,
,,,,,,,,
,BirdKeeper BIRD_KEEPER (8) HANK,Weedle,5,No Item,Poison Sting,No Move,No Move,No Move
,,,,,,,,
,,,,,,,,
,,,,,,,,
,,,,,,,,
,,,,,,,,
Route 25,Schoolboy SCHOOLBOY (7) DUDLEY,Weedle,5,No Item,Poison Sting,No Move,No Move,No Move
,,,,,,,,
,,,,,,,,
,,,,,,,,
,,,,,,,,
,,,,,,,,
,Lass LASS (11) ELLEN,Weedle,5,No Item,Poison Sting,No Move,No Move,No Move
,,,,,,,,
,,,,,,,,
,,,,,,,,
,,,,,,,,
,,,,,,,,
,Schoolboy SCHOOLBOY (8) JOE,Weedle,5,No Item,Poison Sting,No Move,No Move,No Move
,,,,,,,,
,,,,,,,,
,,,,,,,,
,,,,,,,,
,,,,,,,,
,Lass LASS (7) LAURA,Weedle,5,No Item,Poison Sting,No Move,No Move,No Move
,,,,,,,,
,,,,,,,,
,,,,,,,,
,,,,,,,,
,,,,,,,,
(immediate),Camper CAMPER (6) LLOYD,Weedle,5,No Item,Poison Sting,No Move,No Move,No Move
,,,,,,,,
,,,,,,,,
,,,,,,,,
,,,,,,,,
,,,,,,,,
,Lass LASS (8) SHANNON,Weedle,5,No Item,Poison Sting,No Move,No Move,No Move
,,,,,,,,
,,,,,,,,
,,,,,,,,
,,,,,,,,
,,,,,,,,
,SuperNerd SUPER_NERD (8) PAT,Weedle,5,No Item,Poison Sting,No Move,No Move,No Move
,,,,,,,,
,,,,,,,,
,,,,,,,,
,,,,,,,,
,,,,,,,,
,CooltrainerM COOLTRAINERM (17) KEVIN,Weedle,5,No Item,Poison Sting,No Move,No Move,No Move
,,,,,,,,
,,,,,,,,
,,,,,,,,
,,,,,,,,
,,,,,,,,
Cerulean City Gym,SwimmerM SWIMMERM (21) PARKER,Weedle,5,No Item,Poison Sting,No Move,No Move,No Move
,,,,,,,,
,,,,,,,,
,,,,,,,,
,,,,,,,,
,,,,,,,,
,SwimmerF SWIMMERF (18) DIANA,Weedle,5,No Item,Poison Sting,No Move,No Move,No Move
,,,,,,,,
,,,,,,,,
,,,,,,,,
,,,,,,,,
,,,,,,,,
,SwimmerF SWIMMERF (19) BRIANA,Weedle,5,No Item,Poison Sting,No Move,No Move,No Move
,,,,,,,,
,,,,,,,,
,,,,,,,,
,,,,,,,,
,,,,,,,,
,Misty MISTY (1) MISTY,Weedle,5,No Item,Poison Sting,No Move,No Move,No Move
,,,,,,,,
,,,,,,,,
,,,,,,,,
,,,,,,,,
,,,,,,,,
Route 1,Schoolboy SCHOOLBOY (5) DANNY,Weedle,5,No Item,Poison Sting,No Move,No Move,No Move
,,,,,,,,
,,,,,,,,
,,,,,,,,
,,,,,,,,
,,,,,,,,
,CooltrainerF COOLTRAINERF (14) QUINN,Weedle,5,No Item,Poison Sting,No Move,No Move,No Move
,,,,,,,,
,,,,,,,,
,,,,,,,,
,,,,,,,,
,,,,,,,,
,SwimmerF SWIMMERF (17) NIKKI,Weedle,5,No Item,Poison Sting,No Move,No Move,No Move
,,,,,,,,
,,,,,,,,
,,,,,,,,
,,,,,,,,
,,,,,,,,
,SwimmerM SWIMMERM (18) SETH,Weedle,5,No Item,Poison Sting,No Move,No Move,No Move
,,,,,,,,
,,,,,,,,
,,,,,,,,
,,,,,,,,
,,,,,,,,
,SwimmerM SWIMMERM (14) JEROME,Weedle,5,No Item,Poison Sting,No Move,No Move,No Move
,,,,,,,,
,,,,,,,,
,,,,,,,,
,,,,,,,,
,,,,,,,,
,SwimmerM SWIMMERM (1) HAROLD,Weedle,5,No Item,Poison Sting,No Move,No Move,No Move
,,,,,,,,
,,,,,,,,
,,,,,,,,
,,,,,,,,
,,,,,,,,
,SwimmerF SWIMMERF (12) DAWN,Weedle,5,No Item,Poison Sting,No Move,No Move,No Move
,,,,,,,,
,,,,,,,,
,,,,,,,,
,,,,,,,,
,,,,,,,,
Route 20,SwimmerF SWIMMERF (15) LORI,Weedle,5,No Item,Poison Sting,No Move,No Move,No Move
,,,,,,,,
,,,,,,,,
,,,,,,,,
,,,,,,,,
,,,,,,,,
,SwimmerF SWIMMERF (14) NICOLE,Weedle,5,No Item,Poison Sting,No Move,No Move,No Move
,,,,,,,,
,,,,,,,,
,,,,,,,,
,,,,,,,,
,,,,,,,,
Cinnabar City Gym,Blaine BLAINE (1) BLAINE,Weedle,5,No Item,Poison Sting,No Move,No Move,No Move
,,,,,,,,
,,,,,,,,
,,,,,,,,
,,,,,,,,
,,,,,,,,
Viridian City Gym,Blue BLUE (1) BLUE,Weedle,5,No Item,Poison Sting,No Move,No Move,No Move
,,,,,,,,
,,,,,,,,
,,,,,,,,
,,,,,,,,
,,,,,,,,
Mt. Silver,Will WILL (2) WILL,Weedle,5,No Item,Poison Sting,No Move,No Move,No Move
,,,,,,,,
,,,,,,,,
,,,,,,,,
,,,,,,,,
,,,,,,,,
,Koga KOGA (2) KOGA,Weedle,5,No Item,Poison Sting,No Move,No Move,No Move
,,,,,,,,
,,,,,,,,
,,,,,,,,
,,,,,,,,
,,,,,,,,
,Bruno BRUNO (2) BRUNO,Weedle,5,No Item,Poison Sting,No Move,No Move,No Move
,,,,,,,,
,,,,,,,,
,,,,,,,,
,,,,,,,,
,,,,,,,,
,Karen KAREN (2) KAREN,Weedle,5,No Item,Poison Sting,No Move,No Move,No Move
,,,,,,,,
,,,,,,,,
,,,,,,,,
,,,,,,,,
,,,,,,,,
,Red RED (1) RED,Weedle,5,No Item,Poison Sting,No Move,No Move,No Move
,,,,,,,,
,,,,,,,,
,,,,,,,,
,,,,,,,,
,,,,,,,,
Pokmon League,Rival2 RIVAL2 (4) ?,Weedle,5,No Item,Poison Sting,No Move,No Move,No Move
,,,,,,,,
,,,,,,,,
,,,,,,,,
,,,,,,,,
,,,,,,,,
this needs to exist for now,PKMNTrainer CAL (1) CAL,Bulbasaur,1,,Tackle,,,
,,,,,,,,
,,,,,,,,
,,,,,,,,
,,,,,,,,
,,,,,,,,
Note these trainers may exist,Beauty BEAUTY (10) RACHAEL,Ivysaur,1,,Tackle,,,
and need to be reordered and,,,,,,,,
given teams. but they are here,,,,,,,,
 for the importer,,,,,,,,
,,,,,,,,
,,,,,,,,
,Beauty BEAUTY (11) ANGELICA,Venusaur,1,,Tackle,,,
,,,,,,,,
,,,,,,,,
,,,,,,,,
,,,,,,,,
,,,,,,,,
,Beauty BEAUTY (12) KENDRA,Charmander,1,,Tackle,,,
,,,,,,,,
,,,,,,,,
,,,,,,,,
,,,,,,,,
,,,,,,,,
,Beauty BEAUTY (13) VERONICA,Charmeleon,1,,Tackle,,,
,,,,,,,,
,,,,,,,,
,,,,,,,,
,,,,,,,,
,,,,,,,,
,Beauty BEAUTY (15) THERESA,Charizard,1,,Tackle,,,
,,,,,,,,
,,,,,,,,
,,,,,,,,
,,,,,,,,
,,,,,,,,
,Beauty BEAUTY (3) JULIE,Squirtle,1,,Tackle,,,
,,,,,,,,
,,,,,,,,
,,,,,,,,
,,,,,,,,
,,,,,,,,
,Beauty BEAUTY (4) JACLYN,Wartortle,1,,Tackle,,,
,,,,,,,,
,,,,,,,,
,,,,,,,,
,,,,,,,,
,,,,,,,,
,Beauty BEAUTY (5) BRENDA,Blastoise,1,,Tackle,,,
,,,,,,,,
,,,,,,,,
,,,,,,,,
,,,,,,,,
,,,,,,,,
,Beauty BEAUTY (6) CASSIE,Caterpie,1,,Tackle,,,
,,,,,,,,
,,,,,,,,
,,,,,,,,
,,,,,,,,
,,,,,,,,
,Beauty BEAUTY (7) CAROLINE,Metapod,1,,Tackle,,,
,,,,,,,,
,,,,,,,,
,,,,,,,,
,,,,,,,,
,,,,,,,,
,Beauty BEAUTY (8) CARLENE,Butterfree,1,,Tackle,,,
,,,,,,,,
,,,,,,,,
,,,,,,,,
,,,,,,,,
,,,,,,,,
,Beauty BEAUTY (9) JESSICA,Weedle,1,,Tackle,,,
,,,,,,,,
,,,,,,,,
,,,,,,,,
,,,,,,,,
,,,,,,,,
,Biker BIKER (1) BENNY,Kakuna,1,,Tackle,,,
,,,,,,,,
,,,,,,,,
,,,,,,,,
,,,,,,,,
,,,,,,,,
,Biker BIKER (2) KAZU,Pidgey,1,,Tackle,,,
,,,,,,,,
,,,,,,,,
,,,,,,,,
,,,,,,,,
,,,,,,,,
,BirdKeeper BIRD_KEEPER (12) JOSE,Pidgeotto,1,,Tackle,,,
,,,,,,,,
,,,,,,,,
,,,,,,,,
,,,,,,,,
,,,,,,,,
,BirdKeeper BIRD_KEEPER (17) JOSE,Pidgeot,1,,Tackle,,,
,,,,,,,,
,,,,,,,,
,,,,,,,,
,,,,,,,,
,,,,,,,,
,BirdKeeper BIRD_KEEPER (18) VANCE,Rattata,1,,Tackle,,,
,,,,,,,,
,,,,,,,,
,,,,,,,,
,,,,,,,,
,,,,,,,,
,BirdKeeper BIRD_KEEPER (19) VANCE,Raticate,1,,Tackle,,,
,,,,,,,,
,,,,,,,,
,,,,,,,,
,,,,,,,,
,,,,,,,,
,Blackbelt BLACKBELT_T (1) KENJI,Spearow,1,,Tackle,,,
,,,,,,,,
,,,,,,,,
,,,,,,,,
,,,,,,,,
,,,,,,,,
,Blackbelt BLACKBELT_T (3) KENJI,Fearow,1,,Tackle,,,
,,,,,,,,
,,,,,,,,
,,,,,,,,
,,,,,,,,
,,,,,,,,
,Blackbelt BLACKBELT_T (9) WAI,Ekans,1,,Tackle,,,
,,,,,,,,
,,,,,,,,
,,,,,,,,
,,,,,,,,
,,,,,,,,
,BugCatcher BUG_CATCHER (10) WADE,Arbok,1,,Tackle,,,
,,,,,,,,
,,,,,,,,
,,,,,,,,
,,,,,,,,
,,,,,,,,
,BugCatcher BUG_CATCHER (11) WADE,Pikachu,1,,Tackle,,,
,,,,,,,,
,,,,,,,,
,,,,,,,,
,,,,,,,,
,,,,,,,,
,BugCatcher BUG_CATCHER (13) ARNIE,Raichu,1,,Tackle,,,
,,,,,,,,
,,,,,,,,
,,,,,,,,
,,,,,,,,
,,,,,,,,
,BugCatcher BUG_CATCHER (14) ARNIE,Sandshrew,1,,Tackle,,,
,,,,,,,,
,,,,,,,,
,,,,,,,,
,,,,,,,,
,,,,,,,,
,BugCatcher BUG_CATCHER (15) WADE,Sandslash,1,,Tackle,,,
,,,,,,,,
,,,,,,,,
,,,,,,,,
,,,,,,,,
,,,,,,,,
,BugCatcher BUG_CATCHER (16) WADE,Nidoran F,1,,Tackle,,,
,,,,,,,,
,,,,,,,,
,,,,,,,,
,,,,,,,,
,,,,,,,,
,BugCatcher BUG_CATCHER (17) ARNIE,Nidorina,1,,Tackle,,,
,,,,,,,,
,,,,,,,,
,,,,,,,,
,,,,,,,,
,,,,,,,,
,BugCatcher BUG_CATCHER (18) ARNIE,Nidoqueen,1,,Tackle,,,
,,,,,,,,
,,,,,,,,
,,,,,,,,
,,,,,,,,
,,,,,,,,
,BugCatcher BUG_CATCHER (9) KEN,Nidoran M,1,,Tackle,,,
,,,,,,,,
,,,,,,,,
,,,,,,,,
,,,,,,,,
,,,,,,,,
,Burglar BURGLAR (3) COREY,Nidorino,1,,Tackle,,,
,,,,,,,,
,,,,,,,,
,,,,,,,,
,,,,,,,,
,,,,,,,,
,Camper CAMPER (10) DALE,Nidoking,1,,Tackle,,,
,,,,,,,,
,,,,,,,,
,,,,,,,,
,,,,,,,,
,,,,,,,,
,Camper CAMPER (12) TODD,Clefairy,1,,Tackle,,,
,,,,,,,,
,,,,,,,,
,,,,,,,,
,,,,,,,,
,,,,,,,,
,Camper CAMPER (13) TODD,Clefable,1,,Tackle,,,
,,,,,,,,
,,,,,,,,
,,,,,,,,
,,,,,,,,
,,,,,,,,
,Camper CAMPER (14) THOMAS,Vulpix,1,,Tackle,,,
,,,,,,,,
,,,,,,,,
,,,,,,,,
,,,,,,,,
,,,,,,,,
,Camper CAMPER (15) LEROY,Ninetales,1,,Tackle,,,
,,,,,,,,
,,,,,,,,
,,,,,,,,
,,,,,,,,
,,,,,,,,
,Camper CAMPER (16) DAVID,Jigglypuff,1,,Tackle,,,
,,,,,,,,
,,,,,,,,
,,,,,,,,
,,,,,,,,
,,,,,,,,
,Camper CAMPER (17) JOHN,Wigglytuff,1,,Tackle,,,
,,,,,,,,
,,,,,,,,
,,,,,,,,
,,,,,,,,
,,,,,,,,
,Camper CAMPER (20) TODD,Zubat,1,,Tackle,,,
,,,,,,,,
,,,,,,,,
,,,,,,,,
,,,,,,,,
,,,,,,,,
,Camper CAMPER (21) TODD,Golbat,1,,Tackle,,,
,,,,,,,,
,,,,,,,,
,,,,,,,,
,,,,,,,,
,,,,,,,,
,Camper CAMPER (9) HARVEY,Oddish,1,,Tackle,,,
,,,,,,,,
,,,,,,,,
,,,,,,,,
,,,,,,,,
,,,,,,,,
,CooltrainerF COOLTRAINERF (1) GWEN,Gloom,1,,Tackle,,,
,,,,,,,,
,,,,,,,,
,,,,,,,,
,,,,,,,,
,,,,,,,,
,CooltrainerF COOLTRAINERF (12) BETH,Vileplume,1,,Tackle,,,
,,,,,,,,
,,,,,,,,
,,,,,,,,
,,,,,,,,
,,,,,,,,
,CooltrainerF COOLTRAINERF (13) CAROL,Paras,1,,Tackle,,,
,,,,,,,,
,,,,,,,,
,,,,,,,,
,,,,,,,,
,,,,,,,,
,CooltrainerF COOLTRAINERF (15) EMMA,Parasect,1,,Tackle,,,
,,,,,,,,
,,,,,,,,
,,,,,,,,
,,,,,,,,
,,,,,,,,
,CooltrainerF COOLTRAINERF (18) BETH,Venonat,1,,Tackle,,,
,,,,,,,,
,,,,,,,,
,,,,,,,,
,,,,,,,,
,,,,,,,,
,CooltrainerF COOLTRAINERF (19) REENA,Venomoth,1,,Tackle,,,
,,,,,,,,
,,,,,,,,
,,,,,,,,
,,,,,,,,
,,,,,,,,
,CooltrainerF COOLTRAINERF (20) REENA,Diglett,1,,Tackle,,,
,,,,,,,,
,,,,,,,,
,,,,,,,,
,,,,,,,,
,,,,,,,,
,CooltrainerM COOLTRAINERM (1) NICK,Dugtrio,1,,Tackle,,,
,,,,,,,,
,,,,,,,,
,,,,,,,,
,,,,,,,,
,,,,,,,,
,CooltrainerM COOLTRAINERM (13) ERICK,Meowth,1,,Tackle,,,
,,,,,,,,
,,,,,,,,
,,,,,,,,
,,,,,,,,
,,,,,,,,
,CooltrainerM COOLTRAINERM (14) ANDY,Persian,1,,Tackle,,,
,,,,,,,,
,,,,,,,,
,,,,,,,,
,,,,,,,,
,,,,,,,,
,CooltrainerM COOLTRAINERM (15) TYLER,Psyduck,1,,Tackle,,,
,,,,,,,,
,,,,,,,,
,,,,,,,,
,,,,,,,,
,,,,,,,,
,CooltrainerM COOLTRAINERM (16) SEAN,Golduck,1,,Tackle,,,
,,,,,,,,
,,,,,,,,
,,,,,,,,
,,,,,,,,
,,,,,,,,
,CooltrainerM COOLTRAINERM (18) STEVE,Mankey,1,,Tackle,,,
,,,,,,,,
,,,,,,,,
,,,,,,,,
,,,,,,,,
,,,,,,,,
,CooltrainerM COOLTRAINERM (6) GAVEN,Primeape,1,,Tackle,,,
,,,,,,,,
,,,,,,,,
,,,,,,,,
,,,,,,,,
,,,,,,,,
,CooltrainerM COOLTRAINERM (7) GAVEN,Growlithe,1,,Tackle,,,
,,,,,,,,
,,,,,,,,
,,,,,,,,
,,,,,,,,
,,,,,,,,
,Firebreather FIREBREATHER (2) DICK,Poliwag,1,,Tackle,,,
,,,,,,,,
,,,,,,,,
,,,,,,,,
,,,,,,,,
,,,,,,,,
,Firebreather FIREBREATHER (3) NED,Poliwhirl,1,,Tackle,,,
,,,,,,,,
,,,,,,,,
,,,,,,,,
,,,,,,,,
,,,,,,,,
,Fisher FISHER (12) JONAH,Poliwrath,1,,Tackle,,,
,,,,,,,,
,,,,,,,,
,,,,,,,,
,,,,,,,,
,,,,,,,,
,Fisher FISHER (16) RALPH,Abra,1,,Tackle,,,
,,,,,,,,
,,,,,,,,
,,,,,,,,
,,,,,,,,
,,,,,,,,
,Fisher FISHER (17) RALPH,Kadabra,1,,Tackle,,,
,,,,,,,,
,,,,,,,,
,,,,,,,,
,,,,,,,,
,,,,,,,,
,Fisher FISHER (18) TULLY,Alakazam,1,,Tackle,,,
,,,,,,,,
,,,,,,,,
,,,,,,,,
,,,,,,,,
,,,,,,,,
,Fisher FISHER (19) TULLY,Machop,1,,Tackle,,,
,,,,,,,,
,,,,,,,,
,,,,,,,,
,,,,,,,,
,,,,,,,,
,Fisher FISHER (20) WILTON,Machoke,1,,Tackle,,,
,,,,,,,,
,,,,,,,,
,,,,,,,,
,,,,,,,,
,,,,,,,,
,Fisher FISHER (22) WILTON,Machamp,1,,Tackle,,,
,,,,,,,,
,,,,,,,,
,,,,,,,,
,,,,,,,,
,,,,,,,,
,Fisher FISHER (23) RALPH,Bellsprout,1,,Tackle,,,
,,,,,,,,
,,,,,,,,
,,,,,,,,
,,,,,,,,
,,,,,,,,
,Fisher FISHER (24) RALPH,Weepinbell,1,,Tackle,,,
,,,,,,,,
,,,,,,,,
,,,,,,,,
,,,,,,,,
,,,,,,,,
,Fisher FISHER (25) TULLY,Victreebel,1,,Tackle,,,
,,,,,,,,
,,,,,,,,
,,,,,,,,
,,,,,,,,
,,,,,,,,
,Gentleman GENTLEMAN (2) EDWARD,Tentacool,1,,Tackle,,,
,,,,,,,,
,,,,,,,,
,,,,,,,,
,,,,,,,,
,,,,,,,,
,Gentleman GENTLEMAN (4) VIRGIL,Tentacruel,1,,Tackle,,,
,,,,,,,,
,,,,,,,,
,,,,,,,,
,,,,,,,,
,,,,,,,,
,Guitarist GUITARIST (1) CLYDE,Slowking,1,,Tackle,,,
,,,,,,,,
,,,,,,,,
,,,,,,,,
,,,,,,,,
,,,,,,,,
,Hiker HIKER (12) ANTHONY,Magnemite,1,,Tackle,,,
,,,,,,,,
,,,,,,,,
,,,,,,,,
,,,,,,,,
,,,,,,,,
,Hiker HIKER (19) PARRY,Magneton,1,,Tackle,,,
,,,,,,,,
,,,,,,,,
,,,,,,,,
,,,,,,,,
,,,,,,,,
,Hiker HIKER (21) ANTHONY,Farfetch D,1,,Tackle,,,
,,,,,,,,
,,,,,,,,
,,,,,,,,
,,,,,,,,
,,,,,,,,
,Hiker HIKER (22) ANTHONY,Doduo,1,,Tackle,,,
,,,,,,,,
,,,,,,,,
,,,,,,,,
,,,,,,,,
,,,,,,,,
,Hiker HIKER (1) ANTHONY,Dodrio,1,,Tackle,,,
,,,,,,,,
,,,,,,,,
,,,,,,,,
,,,,,,,,
,,,,,,,,
,Hiker HIKER (9) PARRY,Seel,1,,Tackle,,,
,,,,,,,,
,,,,,,,,
,,,,,,,,
,,,,,,,,
,,,,,,,,
,Juggler JUGGLER (4) IRWIN,Dewgong,1,,Tackle,,,
,,,,,,,,
,,,,,,,,
,,,,,,,,
,,,,,,,,
,,,,,,,,
,Juggler JUGGLER (5) IRWIN,Grimer,1,,Tackle,,,
,,,,,,,,
,,,,,,,,
,,,,,,,,
,,,,,,,,
,,,,,,,,
,Juggler JUGGLER (6) IRWIN,Muk,1,,Tackle,,,
,,,,,,,,
,,,,,,,,
,,,,,,,,
,,,,,,,,
,,,,,,,,
,KimonoGirl KIMONO_GIRL (1) NAOKO,Shellder,1,,Tackle,,,
,,,,,,,,
,,,,,,,,
,,,,,,,,
,,,,,,,,
,,,,,,,,
,Lass LASS (12) CONNIE,Cloyster,1,,Tackle,,,
,,,,,,,,
,,,,,,,,
,,,,,,,,
,,,,,,,,
,,,,,,,,
,Lass LASS (13) CONNIE,Gastly,1,,Tackle,,,
,,,,,,,,
,,,,,,,,
,,,,,,,,
,,,,,,,,
,,,,,,,,
,Lass LASS (14) DANA,Haunter,1,,Tackle,,,
,,,,,,,,
,,,,,,,,
,,,,,,,,
,,,,,,,,
,,,,,,,,
,Lass LASS (15) DANA,Gengar,1,,Tackle,,,
,,,,,,,,
,,,,,,,,
,,,,,,,,
,,,,,,,,
,,,,,,,,
,Lass LASS (16) DANA,Onix,1,,Tackle,,,
,,,,,,,,
,,,,,,,,
,,,,,,,,
,,,,,,,,
,,,,,,,,
,Lass LASS (17) DANA,Drowzee,1,,Tackle,,,
,,,,,,,,
,,,,,,,,
,,,,,,,,
,,,,,,,,
,,,,,,,,
,Medium MEDIUM (3) BETHANY,Hypno,1,,Tackle,,,
,,,,,,,,
,,,,,,,,
,,,,,,,,
,,,,,,,,
,,,,,,,,
,Medium MEDIUM (4) MARGRET,Krabby,1,,Tackle,,,
,,,,,,,,
,,,,,,,,
,,,,,,,,
,,,,,,,,
,,,,,,,,
,Medium MEDIUM (5) ETHEL,Kingler,1,,Tackle,,,
,,,,,,,,
,,,,,,,,
,,,,,,,,
,,,,,,,,
,,,,,,,,
,Picnicker PICNICKER (11) LIZ,Voltorb,1,,Tackle,,,
,,,,,,,,
,,,,,,,,
,,,,,,,,
,,,,,,,,
,,,,,,,,
,Picnicker PICNICKER (12) LIZ,Electrode,1,,Tackle,,,
,,,,,,,,
,,,,,,,,
,,,,,,,,
,,,,,,,,
,,,,,,,,
,Picnicker PICNICKER (15) GINA,Exeggcute,1,,Tackle,,,
,,,,,,,,
,,,,,,,,
,,,,,,,,
,,,,,,,,
,,,,,,,,
,Picnicker PICNICKER (16) TIFFANY,Exeggutor,1,,Tackle,,,
,,,,,,,,
,,,,,,,,
,,,,,,,,
,,,,,,,,
,,,,,,,,
,Picnicker PICNICKER (17) TIFFANY,Cubone,1,,Tackle,,,
,,,,,,,,
,,,,,,,,
,,,,,,,,
,,,,,,,,
,,,,,,,,
,Picnicker PICNICKER (18) ERIN,Marowak,1,,Tackle,,,
,,,,,,,,
,,,,,,,,
,,,,,,,,
,,,,,,,,
,,,,,,,,
,Picnicker PICNICKER (21) ERIN,Hitmonlee,1,,Tackle,,,
,,,,,,,,
,,,,,,,,
,,,,,,,,
,,,,,,,,
,,,,,,,,
,Picnicker PICNICKER (22) LIZ,Hitmonchan,1,,Tackle,,,
,,,,,,,,
,,,,,,,,
,,,,,,,,
,,,,,,,,
,,,,,,,,
,Picnicker PICNICKER (23) LIZ,Lickitung,1,,Tackle,,,
,,,,,,,,
,,,,,,,,
,,,,,,,,
,,,,,,,,
,,,,,,,,
,Picnicker PICNICKER (24) GINA,Koffing,1,,Tackle,,,
,,,,,,,,
,,,,,,,,
,,,,,,,,
,,,,,,,,
,,,,,,,,
,Picnicker PICNICKER (25) GINA,Weezing,1,,Tackle,,,
,,,,,,,,
,,,,,,,,
,,,,,,,,
,,,,,,,,
,,,,,,,,
,Picnicker PICNICKER (26) TIFFANY,Rhyhorn,1,,Tackle,,,
,,,,,,,,
,,,,,,,,
,,,,,,,,
,,,,,,,,
,,,,,,,,
,Picnicker PICNICKER (9) GINA,Rhydon,1,,Tackle,,,
,,,,,,,,
,,,,,,,,
,,,,,,,,
,,,,,,,,
,,,,,,,,
,PKMNTrainer CAL (2) CAL,Chansey,1,,Tackle,,,
,,,,,,,,
,,,,,,,,
,,,,,,,,
,,,,,,,,
,,,,,,,,
,PKMNTrainer CAL (3) CAL,Tangela,1,,Tackle,,,
,,,,,,,,
,,,,,,,,
,,,,,,,,
,,,,,,,,
,,,,,,,,
,PokefanF POKEFANF (3) BEVERLY,Kangaskhan,1,,Tackle,,,
,,,,,,,,
,,,,,,,,
,,,,,,,,
,,,,,,,,
,,,,,,,,
,PokefanF POKEFANF (4) BEVERLY,Horsea,1,,Tackle,,,
,,,,,,,,
,,,,,,,,
,,,,,,,,
,,,,,,,,
,,,,,,,,
,PokefanF POKEFANF (5) GEORGIA,Seadra,1,,Tackle,,,
,,,,,,,,
,,,,,,,,
,,,,,,,,
,,,,,,,,
,,,,,,,,
,PokefanM POKEFANM (10) DEREK,Goldeen,1,,Tackle,,,
,,,,,,,,
,,,,,,,,
,,,,,,,,
,,,,,,,,
,,,,,,,,
,PokefanM POKEFANM (11) DEREK,Seaking,1,,Tackle,,,
,,,,,,,,
,,,,,,,,
,,,,,,,,
,,,,,,,,
,,,,,,,,
,PokefanM POKEFANM (8) JEREMY,Staryu,1,,Tackle,,,
,,,,,,,,
,,,,,,,,
,,,,,,,,
,,,,,,,,
,,,,,,,,
,Pokemaniac POKEMANIAC (10) BRENT,Starmie,1,,Tackle,,,
,,,,,,,,
,,,,,,,,
,,,,,,,,
,,,,,,,,
,,,,,,,,
,Pokemaniac POKEMANIAC (14) BRENT,Mr  Mime,1,,Tackle,,,
,,,,,,,,
,,,,,,,,
,,,,,,,,
,,,,,,,,
,,,,,,,,
,Pokemaniac POKEMANIAC (8) ETHAN,Scyther,1,,Tackle,,,
,,,,,,,,
,,,,,,,,
,,,,,,,,
,,,,,,,,
,,,,,,,,
,Pokemaniac POKEMANIAC (9) BRENT,Jynx,1,,Tackle,,,
,,,,,,,,
,,,,,,,,
,,,,,,,,
,,,,,,,,
,,,,,,,,
,Psychic PSYCHIC_T (12) RODNEY,Electabuzz,1,,Tackle,,,
,,,,,,,,
,,,,,,,,
,,,,,,,,
,,,,,,,,
,,,,,,,,
,Sailor SAILOR (11) HUEY,Magikarp,1,,Tackle,,,
,,,,,,,,
,,,,,,,,
,,,,,,,,
,,,,,,,,
,,,,,,,,
,Sailor SAILOR (12) HUEY,Gyarados,1,,Tackle,,,
,,,,,,,,
,,,,,,,,
,,,,,,,,
,,,,,,,,
,,,,,,,,
,Sailor SAILOR (13) HUEY,Lapras,1,,Tackle,,,
,,,,,,,,
,,,,,,,,
,,,,,,,,
,,,,,,,,
,,,,,,,,
,Sailor SAILOR (7) GARRETT,Ditto,1,,Tackle,,,
,,,,,,,,
,,,,,,,,
,,,,,,,,
,,,,,,,,
,,,,,,,,
,Sailor SAILOR (8) KENNETH,Eevee,1,,Tackle,,,
,,,,,,,,
,,,,,,,,
,,,,,,,,
,,,,,,,,
,,,,,,,,
,Schoolboy SCHOOLBOY (11) NATE,Vaporeon,1,,Tackle,,,
,,,,,,,,
,,,,,,,,
,,,,,,,,
,,,,,,,,
,,,,,,,,
,Schoolboy SCHOOLBOY (12) RICKY,Jolteon,1,,Tackle,,,
,,,,,,,,
,,,,,,,,
,,,,,,,,
,,,,,,,,
,,,,,,,,
,Schoolboy SCHOOLBOY (13) JACK,Flareon,1,,Tackle,,,
,,,,,,,,
,,,,,,,,
,,,,,,,,
,,,,,,,,
,,,,,,,,
,Schoolboy SCHOOLBOY (14) JACK,Porygon,1,,Tackle,,,
,,,,,,,,
,,,,,,,,
,,,,,,,,
,,,,,,,,
,,,,,,,,
,Schoolboy SCHOOLBOY (19) JACK,Aerodactyl,1,,Tackle,,,
,,,,,,,,
,,,,,,,,
,,,,,,,,
,,,,,,,,
,,,,,,,,
,Schoolboy SCHOOLBOY (20) JACK,Snorlax,1,,Tackle,,,
,,,,,,,,
,,,,,,,,
,,,,,,,,
,,,,,,,,
,,,,,,,,
,SuperNerd SUPER_NERD (1) STAN,Dragonair,1,,Tackle,,,
,,,,,,,,
,,,,,,,,
,,,,,,,,
,,,,,,,,
,,,,,,,,
,SuperNerd SUPER_NERD (11) RUSS,Dragonite,1,,Tackle,,,
,,,,,,,,
,,,,,,,,
,,,,,,,,
,,,,,,,,
,,,,,,,,
,SuperNerd SUPER_NERD (12) NORTON,Mewtwo,1,,Tackle,,,
,,,,,,,,
,,,,,,,,
,,,,,,,,
,,,,,,,,
,,,,,,,,
,SuperNerd SUPER_NERD (3) GREGG,Mew,1,,Tackle,,,
,,,,,,,,
,,,,,,,,
,,,,,,,,
,,,,,,,,
,,,,,,,,
,SuperNerd SUPER_NERD (4) JAY,Chikorita,1,,Tackle,,,
,,,,,,,,
,,,,,,,,
,,,,,,,,
,,,,,,,,
,,,,,,,,
,SuperNerd SUPER_NERD (5) DAVE,Bayleef,1,,Tackle,,,
,,,,,,,,
,,,,,,,,
,,,,,,,,
,,,,,,,,
,,,,,,,,
,SuperNerd SUPER_NERD (9) SHAWN,Meganium,1,,Tackle,,,
,,,,,,,,
,,,,,,,,
,,,,,,,,
,,,,,,,,
,,,,,,,,
,SwimmerF SWIMMERF (10) MARY,Cyndaquil,1,,Tackle,,,
,,,,,,,,
,,,,,,,,
,,,,,,,,
,,,,,,,,
,,,,,,,,
,SwimmerF SWIMMERF (11) KATIE,Quilava,1,,Tackle,,,
,,,,,,,,
,,,,,,,,
,,,,,,,,
,,,,,,,,
,,,,,,,,
,SwimmerF SWIMMERF (13) TARA,Typhlosion,1,,Tackle,,,
,,,,,,,,
,,,,,,,,
,,,,,,,,
,,,,,,,,
,,,,,,,,
,SwimmerF SWIMMERF (16) JODY,Totodile,1,,Tackle,,,
,,,,,,,,
,,,,,,,,
,,,,,,,,
,,,,,,,,
,,,,,,,,
,SwimmerF SWIMMERF (8) LISA,Croconaw,1,,Tackle,,,
,,,,,,,,
,,,,,,,,
,,,,,,,,
,,,,,,,,
,,,,,,,,
,SwimmerF SWIMMERF (9) JILL,Feraligatr,1,,Tackle,,,
,,,,,,,,
,,,,,,,,
,,,,,,,,
,,,,,,,,
,,,,,,,,
,SwimmerM SWIMMERM (10) PATON,Sentret,1,,Tackle,,,
,,,,,,,,
,,,,,,,,
,,,,,,,,
,,,,,,,,
,,,,,,,,
,SwimmerM SWIMMERM (11) DARYL,Furret,1,,Tackle,,,
,,,,,,,,
,,,,,,,,
,,,,,,,,
,,,,,,,,
,,,,,,,,
,SwimmerM SWIMMERM (12) WALTER,Hoothoot,1,,Tackle,,,
,,,,,,,,
,,,,,,,,
,,,,,,,,
,,,,,,,,
,,,,,,,,
,SwimmerM SWIMMERM (13) TONY,Noctowl,1,,Tackle,,,
,,,,,,,,
,,,,,,,,
,,,,,,,,
,,,,,,,,
,,,,,,,,
,SwimmerM SWIMMERM (16) RICK,Ledyba,1,,Tackle,,,
,,,,,,,,
,,,,,,,,
,,,,,,,,
,,,,,,,,
,,,,,,,,
,SwimmerM SWIMMERM (19) JAMES,Ledian,1,,Tackle,,,
,,,,,,,,
,,,,,,,,
,,,,,,,,
,,,,,,,,
,,,,,,,,
,SwimmerM SWIMMERM (20) LEWIS,Spinarak,1,,Tackle,,,
,,,,,,,,
,,,,,,,,
,,,,,,,,
,,,,,,,,
,,,,,,,,
,SwimmerM SWIMMERM (9) HAL,Ariados,1,,Tackle,,,
,,,,,,,,
,,,,,,,,
,,,,,,,,
,,,,,,,,
,,,,,,,,
,Teacher TEACHER (3) SHIRLEY,Crobat,1,,Tackle,,,
,,,,,,,,
,,,,,,,,
,,,,,,,,
,,,,,,,,
,,,,,,,,
,Twins TWINS (10) LEA & PIA,Dragonite,69,Dragon Fang,Outrage,Fire Blast,No Move,No Move
,,Dragonite,69,Dragon Fang,Outrage,Fire Blast,No Move,No Move
,,,,,,,,
,,,,,,,,
,,,,,,,,
,,,,,,,,
,Twins TWINS (3) ANN & ANNE,Smeargle,34,Berry Juice,Aeroblast,Extremespeed,Ancientpower,Softboiled
,,Smeargle,34,Berry Juice,Sacred Fire,Extremespeed,Metal Claw,Softboiled
,,,,,,,,
,,,,,,,,
,,,,,,,,
,,,,,,,,
,Twins TWINS (4) AMY & MAY,Omanyte,23,Berry,Waterfall,Rock Slide,Ice Beam,No Move
,,Parasect,22,Berry,Leech Life,Psybeam,Spore,Giga Drain
,,Arbok,23,Berry,Sludge,Giga Drain,Crunch,No Move
,,,,,,,,
,,,,,,,,
,,,,,,,,
,Twins TWINS (6) JO & ZOE,Sudowoodo,85,Hard Stone,Ancientpower,Earthquake,Double Edge,Explosion
,,Bellossom,86,Leftovers,Sleep Powder,Double Team,Giga Drain,Hidden Power (Ice)
,,Wigglytuff,86,Leftovers,Return,Ice Beam,Thunderbolt,Psychic M
,,Rapidash,86,Charcoal,Fire Blast,Iron Tail,Double Edge,Hidden Power (Rock)
,,,,,,,,
,,,,,,,,
,Twins TWINS (8) MEG & PEG,Wigglytuff,74,Focus Band,Lovely Kiss,Double Edge,Psychic M,Ice Beam
,,Azumarill,74,Leftovers,Hydro Pump,Blizzard,Double Edge,Lovely Kiss
,,Clefable,74,Pink Bow,Tri Attack,Ice Beam,Lovely Kiss,Softboiled
,,,,,,,,
,,,,,,,,
,,,,,,,,
,Youngster YOUNGSTER (13) JOEY,Togepi,1,,Tackle,,,
,,,,,,,,
,,,,,,,,
,,,,,,,,
,,,,,,,,
,,,,,,,,
,Youngster YOUNGSTER (14) JOEY,Togetic,1,,Tackle,,,
,,,,,,,,
,,,,,,,,
,,,,,,,,
,,,,,,,,
,,,,,,,,
,Youngster YOUNGSTER (7) JOEY,Natu,1,,Tackle,,,
,,,,,,,,
,,,,,,,,
,,,,,,,,
,,,,,,,,
,,,,,,,,
,Youngster YOUNGSTER (8) JOEY,Xatu,1,,Tackle,,,